AAAAAA,4133,1754
AAAAAC,2662,998
AAAAAG,5247,2612
AAAAAT,3352,1073
AAAACA,2526,604
AAAACC,1720,489
AAAACG,3088,749
AAAACT,2698,830
AAAAGA,4422,1481
AAAAGC,2713,1192
AAAAGG,8866,4154
AAAAGT,3724,1052
AAAATA,3371,1091
AAAATC,2435,872
AAAATG,5362,2021
AAAATT,3667,979
AAACAA,2458,985
AAACAC,1621,605
AAACAG,2744,1171
AAACAT,2473,741
AAACCA,1742,421
AAACCC,989,286
AAACCG,2001,469
AAACCT,1727,552
AAACGA,2775,921
AAACGC,1817,737
AAACGG,4135,1913
AAACGT,2995,790
AAACTA,2816,1359
AAACTC,1686,805
AAACTG,3350,2818
AAACTT,3145,1280
AAAGAA,4146,1398
AAAGAC,2489,1036
AAAGAG,6940,3530
AAAGAT,3563,920
AAAGCA,2595,856
AAAGCC,1810,1152
AAAGCG,3666,1221
AAAGCT,2421,2751
AAAGGA,7292,2454
AAAGGC,3810,2103
AAAGGG,18459,11187
AAAGGT,5509,1652
AAAGTA,3523,784
AAAGTC,2499,680
AAAGTG,7220,2662
AAAGTT,4132,1595
AAATAA,3626,1330
AAATAC,2456,1136
AAATAG,3812,1782
AAATAT,3304,977
AAATCA,2490,481
AAATCC,1668,331
AAATCG,3000,579
AAATCT,2538,663
AAATGA,4076,1120
AAATGC,2668,868
AAATGG,5968,3522
AAATGT,5130,1077
AAATTA,3838,1142
AAATTC,2612,829
AAATTG,5374,2063
AAATTT,4098,1032
AACAAA,2519,1054
AACAAC,1677,821
AACAAG,2918,1388
AACAAT,2459,801
AACACA,1548,375
AACACC,1069,321
AACACG,1935,499
AACACT,1525,586
AACAGA,2499,1063
AACAGC,1526,846
AACAGG,3655,1585
AACAGT,2446,637
AACATA,2566,790
AACATC,1405,512
AACATG,3344,1202
AACATT,2656,653
AACCAA,1704,742
AACCAC,1029,390
AACCAG,1765,1382
AACCAT,1727,539
AACCCA,1032,229
AACCCC,610,168
AACCCG,1289,268
AACCCT,933,322
AACCGA,1613,626
AACCGC,1068,438
AACCGG,2664,1159
AACCGT,1752,497
AACCTA,1718,847
AACCTC,1028,422
AACCTG,2152,948
AACCTT,1805,568
AACGAA,2365,1116
AACGAC,1660,855
AACGAG,3242,2434
AACGAT,2267,842
AACGCA,1530,514
AACGCC,1238,788
AACGCG,2246,702
AACGCT,1532,1727
AACGGA,3463,1176
AACGGC,2015,1066
AACGGG,6856,4587
AACGGT,3497,1003
AACGTA,2725,815
AACGTC,1689,645
AACGTG,4122,1966
AACGTT,2728,761
AACTAA,2640,2203
AACTAC,1907,2451
AACTAG,2893,2089
AACTAT,3180,3392
AACTCA,1486,576
AACTCC,989,371
AACTCG,1936,530
AACTCT,1557,547
AACTGA,2470,3052
AACTGC,1452,1620
AACTGG,3868,2556
AACTGT,2674,1979
AACTTA,3285,1761
AACTTC,1700,829
AACTTG,3280,1573
AACTTT,2905,1116
AAGAAA,4709,1937
AAGAAC,2540,1144
AAGAAG,6200,3157
AAGAAT,3551,1206
AAGACA,2587,903
AAGACC,1623,745
AAGACG,2977,1185
AAGACT,2594,1421
AAGAGA,6079,3399
AAGAGC,3498,4020
AAGAGG,15419,11183
AAGAGT,4757,2823
AAGATA,3797,1313
AAGATC,2606,1023
AAGATG,5408,2318
AAGATT,4181,1399
AAGCAA,2985,2185
AAGCAC,1740,1242
AAGCAG,3530,2345
AAGCAT,2797,1689
AAGCCA,1662,853
AAGCCC,1120,410
AAGCCG,2183,914
AAGCCT,1628,690
AAGCGA,3321,3252
AAGCGC,2222,1679
AAGCGG,7092,3696
AAGCGT,3365,2156
AAGCTA,2656,3535
AAGCTC,1692,1783
AAGCTG,3314,3444
AAGCTT,2975,3300
AAGGAA,7801,3583
AAGGAC,3577,1374
AAGGAG,14943,7769
AAGGAT,5697,1784
AAGGCA,4174,1551
AAGGCC,1862,1847
AAGGCG,6217,2272
AAGGCT,3099,1707
AAGGGA,14274,8909
AAGGGC,6572,3674
AAGGGG,48429,44324
AAGGGT,9664,4668
AAGGTA,6238,1939
AAGGTC,3279,2307
AAGGTG,10622,5715
AAGGTT,5549,1706
AAGTAA,3965,1734
AAGTAC,2444,1242
AAGTAG,5768,2647
AAGTAT,3797,1289
AAGTCA,2875,654
AAGTCC,2040,810
AAGTCG,3774,873
AAGTCT,3044,2266
AAGTGA,5392,2367
AAGTGC,3274,1367
AAGTGG,9347,6744
AAGTGT,5775,1759
AAGTTA,4266,3499
AAGTTC,2459,1126
AAGTTG,6628,2740
AAGTTT,4074,1553
AATAAA,3549,1142
AATAAC,2337,819
AATAAG,3918,1507
AATAAT,3161,948
AATACA,2219,526
AATACC,1582,384
AATACG,2698,692
AATACT,2371,739
AATAGA,3312,1096
AATAGC,2277,928
AATAGG,4610,1710
AATAGT,3381,796
AATATA,3168,928
AATATC,2114,699
AATATG,4568,1497
AATATT,3623,813
AATCAA,2540,787
AATCAC,1551,428
AATCAG,2584,994
AATCAT,2162,626
AATCCA,1519,329
AATCCC,1098,341
AATCCG,1579,325
AATCCT,1625,502
AATCGA,2338,619
AATCGC,1583,420
AATCGG,3503,1214
AATCGT,2588,582
AATCTA,2463,1048
AATCTC,1569,513
AATCTG,3181,1305
AATCTT,2743,795
AATGAA,3574,1129
AATGAC,2389,1027
AATGAG,5078,3328
AATGAT,3688,1023
AATGCA,2475,581
AATGCC,1733,847
AATGCG,3282,786
AATGCT,2419,2786
AATGGA,4619,1214
AATGGC,4040,1455
AATGGG,8428,4480
AATGGT,5115,1338
AATGTA,3899,810
AATGTC,2555,671
AATGTG,6725,2341
AATGTT,4708,1196
AATTAA,3466,1389
AATTAC,2525,1596
AATTAG,4556,2994
AATTAT,3322,1260
AATTCA,2184,442
AATTCC,1578,330
AATTCG,2889,509
AATTCT,2429,533
AATTGA,4030,1560
AATTGC,2355,846
AATTGG,5208,2858
AATTGT,4116,1049
AATTTA,3911,1174
AATTTC,2540,811
AATTTG,4888,1582
AATTTT,3982,996
ACAAAA,2340,907
ACAAAC,1458,565
ACAAAG,2748,1067
ACAAAT,2093,638
ACAACA,1568,451
ACAACC,997,298
ACAACG,1647,496
ACAACT,1448,529
ACAAGA,2057,789
ACAAGC,1417,706
ACAAGG,3498,1673
ACAAGT,2053,624
ACAATA,2082,677
ACAATC,1301,432
ACAATG,2859,1005
ACAATT,2228,607
ACACAA,1339,472
ACACAC,790,288
ACACAG,1674,590
ACACAT,1349,378
ACACCA,885,220
ACACCC,548,136
ACACCG,1057,245
ACACCT,928,205
ACACGA,1199,400
ACACGC,819,316
ACACGG,2370,949
ACACGT,1398,393
ACACTA,1305,489
ACACTC,829,293
ACACTG,1665,838
ACACTT,1811,468
ACAGAA,2090,817
ACAGAC,1663,612
ACAGAG,3394,2527
ACAGAT,2086,656
ACAGCA,1241,458
ACAGCC,821,431
ACAGCG,1867,568
ACAGCT,1188,1364
ACAGGA,2851,875
ACAGGC,1963,1233
ACAGGG,6581,3441
ACAGGT,3064,1062
ACAGTA,2139,624
ACAGTC,1259,354
ACAGTG,3370,1437
ACAGTT,2318,798
ACATAA,2546,880
ACATAC,1377,481
ACATAG,2434,932
ACATAT,2084,623
ACATCA,1290,274
ACATCC,800,204
ACATCG,1561,313
ACATCT,1404,311
ACATGA,2473,748
ACATGC,1530,515
ACATGG,3733,1817
ACATGT,2924,620
ACATTA,2689,799
ACATTC,1443,403
ACATTG,2927,835
ACATTT,2481,637
ACCAAA,1496,655
ACCAAC,948,771
ACCAAG,1622,657
ACCAAT,1475,480
ACCACA,956,230
ACCACC,574,170
ACCACG,1003,239
ACCACT,914,277
ACCAGA,1427,789
ACCAGC,887,405
ACCAGG,2053,912
ACCAGT,1382,491
ACCATA,1585,418
ACCATC,858,282
ACCATG,1674,577
ACCATT,1680,380
ACCCAA,991,401
ACCCAC,610,230
ACCCAG,1220,755
ACCCAT,1050,317
ACCCCA,700,139
ACCCCC,459,117
ACCCCG,831,202
ACCCCT,653,185
ACCCGA,967,351
ACCCGC,674,235
ACCCGG,1877,674
ACCCGT,1101,269
ACCCTA,1102,397
ACCCTC,603,191
ACCCTG,1094,414
ACCCTT,1175,282
ACCGAA,1342,554
ACCGAC,958,485
ACCGAG,1891,1547
ACCGAT,1355,415
ACCGCA,822,276
ACCGCC,589,342
ACCGCG,1254,391
ACCGCT,863,831
ACCGGA,1795,744
ACCGGC,1483,770
ACCGGG,4272,2360
ACCGGT,1890,509
ACCGTA,1458,412
ACCGTC,985,245
ACCGTG,1979,913
ACCGTT,1490,398
ACCTAA,1678,722
ACCTAC,956,785
ACCTAG,1608,712
ACCTAT,1635,828
ACCTCA,869,191
ACCTCC,562,159
ACCTCG,948,226
ACCTCT,873,242
ACCTGA,1287,595
ACCTGC,952,384
ACCTGG,2090,999
ACCTGT,1535,434
ACCTTA,1978,511
ACCTTC,1075,320
ACCTTG,1690,563
ACCTTT,1728,428
ACGAAA,2178,931
ACGAAC,1334,629
ACGAAG,2651,1219
ACGAAT,1985,652
ACGACA,1341,411
ACGACC,877,331
ACGACG,1853,572
ACGACT,1452,621
ACGAGA,2274,1409
ACGAGC,1825,2200
ACGAGG,5390,3393
ACGAGT,2220,1586
ACGATA,1952,728
ACGATC,1212,475
ACGATG,2594,1022
ACGATT,2021,579
ACGCAA,1406,663
ACGCAC,937,427
ACGCAG,1876,877
ACGCAT,1394,464
ACGCCA,958,395
ACGCCC,658,191
ACGCCG,1236,394
ACGCCT,900,313
ACGCGA,1464,830
ACGCGC,996,503
ACGCGG,4013,1996
ACGCGT,1545,637
ACGCTA,1247,1660
ACGCTC,900,605
ACGCTG,1827,1168
ACGCTT,1496,955
ACGGAA,3005,1216
ACGGAC,2018,772
ACGGAG,5395,3725
ACGGAT,2679,794
ACGGCA,1768,713
ACGGCC,1046,904
ACGGCG,3618,1267
ACGGCT,1488,1010
ACGGGA,6571,3588
ACGGGC,3632,2245
ACGGGG,17269,17565
ACGGGT,5896,2427
ACGGTA,3110,1083
ACGGTC,1775,964
ACGGTG,5157,2765
ACGGTT,2910,959
ACGTAA,2602,959
ACGTAC,1556,588
ACGTAG,3279,1331
ACGTAT,2328,633
ACGTCA,1269,328
ACGTCC,968,256
ACGTCG,1793,423
ACGTCT,1555,551
ACGTGA,2949,1182
ACGTGC,1793,870
ACGTGG,5348,4340
ACGTGT,3008,954
ACGTTA,2674,1001
ACGTTC,1411,490
ACGTTG,3139,1187
ACGTTT,2571,665
ACTAAA,2350,847
ACTAAC,1335,519
ACTAAG,2276,1139
ACTAAT,1902,671
ACTACA,1241,431
ACTACC,719,276
ACTACG,1544,520
ACTACT,1188,447
ACTAGA,1827,765
ACTAGC,1272,762
ACTAGG,2782,1182
ACTAGT,1740,576
ACTATA,2196,715
ACTATC,1072,384
ACTATG,2458,915
ACTATT,1981,554
ACTCAA,1257,542
ACTCAC,777,295
ACTCAG,1380,694
ACTCAT,1234,511
ACTCCA,795,235
ACTCCC,495,123
ACTCCG,959,200
ACTCCT,785,230
ACTCGA,1209,438
ACTCGC,812,292
ACTCGG,1892,739
ACTCGT,1307,384
ACTCTA,1256,472
ACTCTC,767,279
ACTCTG,1417,605
ACTCTT,1454,388
ACTGAA,2001,1627
ACTGAC,1182,1076
ACTGAG,2624,3514
ACTGAT,1818,1448
ACTGCA,1020,614
ACTGCC,620,341
ACTGCG,1451,656
ACTGCT,1104,994
ACTGGA,2599,1465
ACTGGC,1942,1027
ACTGGG,4582,3809
ACTGGT,2768,1024
ACTGTA,2237,1115
ACTGTC,1093,422
ACTGTG,2772,1807
ACTGTT,2183,826
ACTTAA,2824,1475
ACTTAC,1388,623
ACTTAG,2428,1359
ACTTAT,2272,1085
ACTTCA,1336,368
ACTTCC,712,231
ACTTCG,1360,312
ACTTCT,1155,283
ACTTGA,2400,947
ACTTGC,1274,497
ACTTGG,2685,1388
ACTTGT,2039,631
ACTTTA,2601,886
ACTTTC,1291,455
ACTTTG,2332,926
ACTTTT,2139,735
AGAAAA,5122,3289
AGAAAC,2710,2122
AGAAAG,8459,4899
AGAAAT,3648,2272
AGAACA,2655,1409
AGAACC,1787,954
AGAACG,3951,1686
AGAACT,2735,2025
AGAAGA,6072,4126
AGAAGC,2988,2441
AGAAGG,16323,9347
AGAAGT,4250,2786
AGAATA,3891,2734
AGAATC,2259,1511
AGAATG,6395,3456
AGAATT,3659,2218
AGACAA,2672,1709
AGACAC,1675,1049
AGACAG,3337,2112
AGACAT,2978,1518
AGACCA,1795,882
AGACCC,989,490
AGACCG,2046,958
AGACCT,1823,1144
AGACGA,2812,1716
AGACGC,1776,1170
AGACGG,6110,4393
AGACGT,2997,1599
AGACTA,2681,2280
AGACTC,1820,1093
AGACTG,3344,2405
AGACTT,3204,1987
AGAGAA,6499,3295
AGAGAC,2927,1765
AGAGAG,13554,6565
AGAGAT,5085,2177
AGAGCA,3593,3099
AGAGCC,1787,1276
AGAGCG,6329,5230
AGAGCT,2894,3816
AGAGGA,12241,6302
AGAGGC,5797,2731
AGAGGG,39831,32844
AGAGGT,8511,3339
AGAGTA,5033,2611
AGAGTC,2837,1364
AGAGTG,8654,4746
AGAGTT,5163,5253
AGATAA,4289,3019
AGATAC,3075,3251
AGATAG,5082,3212
AGATAT,4212,3573
AGATCA,2484,1077
AGATCC,1477,656
AGATCG,3478,1328
AGATCT,2654,2257
AGATGA,4221,2806
AGATGC,2819,2107
AGATGG,8670,6147
AGATGT,4518,2259
AGATTA,4171,2851
AGATTC,2448,1410
AGATTG,6103,3280
AGATTT,4666,2680
AGCAAA,3252,3994
AGCAAC,1788,2410
AGCAAG,4068,5044
AGCAAT,2860,3365
AGCACA,2077,2247
AGCACC,1111,1182
AGCACG,2333,2627
AGCACT,1569,1737
AGCAGA,3212,3567
AGCAGC,1988,2536
AGCAGG,7170,9551
AGCAGT,2901,3265
AGCATA,3125,3726
AGCATC,1756,2089
AGCATG,4061,4768
AGCATT,2735,2927
AGCCAA,1834,1614
AGCCAC,1054,1193
AGCCAG,2252,2311
AGCCAT,1844,1643
AGCCCA,1081,1016
AGCCCC,567,659
AGCCCG,1613,1430
AGCCCT,899,900
AGCCGA,2000,1775
AGCCGC,1200,1485
AGCCGG,4553,5005
AGCCGT,1820,1768
AGCCTA,1763,1715
AGCCTC,1063,979
AGCCTG,2334,2092
AGCCTT,1692,1513
AGCGAA,3473,4031
AGCGAC,1911,2478
AGCGAG,5511,6909
AGCGAT,3129,3517
AGCGCA,2325,2596
AGCGCC,1293,1343
AGCGCG,3883,4193
AGCGCT,1901,1982
AGCGGA,5225,4457
AGCGGC,3409,3360
AGCGGG,16867,18960
AGCGGT,4970,4099
AGCGTA,3326,3676
AGCGTC,1944,2105
AGCGTG,5890,6089
AGCGTT,2936,3055
AGCTAA,2876,3915
AGCTAC,1565,2421
AGCTAG,3313,4374
AGCTAT,3079,4336
AGCTCA,1846,2341
AGCTCC,968,1365
AGCTCG,1981,2531
AGCTCT,1452,1983
AGCTGA,2844,3541
AGCTGC,1793,2488
AGCTGG,5788,7401
AGCTGT,2919,3818
AGCTTA,3085,3882
AGCTTC,1641,2267
AGCTTG,3473,4225
AGCTTT,2651,3472
AGGAAA,8104,4011
AGGAAC,3636,1796
AGGAAG,15333,7826
AGGAAT,5198,2140
AGGACA,3868,1312
AGGACC,2329,997
AGGACG,6729,2203
AGGACT,3427,1088
AGGAGA,12480,5982
AGGAGC,5808,2912
AGGAGG,44422,29476
AGGAGT,8701,3063
AGGATA,5412,2227
AGGATC,3048,1375
AGGATG,9955,6110
AGGATT,4965,1836
AGGCAA,4546,1893
AGGCAC,2620,1139
AGGCAG,7156,3294
AGGCAT,3734,1271
AGGCCA,2490,1421
AGGCCC,1448,715
AGGCCG,3981,1954
AGGCCT,2168,971
AGGCGA,6296,2621
AGGCGC,4454,1800
AGGCGG,21858,13090
AGGCGT,5973,2068
AGGCTA,3764,1827
AGGCTC,2277,962
AGGCTG,5377,3456
AGGCTT,3730,1313
AGGGAA,12660,7409
AGGGAC,5091,3053
AGGGAG,36015,23773
AGGGAT,7498,3495
AGGGCA,5231,2085
AGGGCC,3832,2022
AGGGCG,16629,6602
AGGGCT,4747,1982
AGGGGA,30744,23224
AGGGGC,13051,10327
AGGGGG,159638,162859
AGGGGT,16178,10102
AGGGTA,8831,4153
AGGGTC,4755,2442
AGGGTG,21286,17230
AGGGTT,7174,2949
AGGTAA,6819,2755
AGGTAC,4175,2114
AGGTAG,10968,4503
AGGTAT,6067,2450
AGGTCA,4495,1741
AGGTCC,2447,816
AGGTCG,6491,2003
AGGTCT,3749,1147
AGGTGA,9388,3364
AGGTGC,5551,2007
AGGTGG,25406,21148
AGGTGT,8642,2660
AGGTTA,5870,2079
AGGTTC,3295,1192
AGGTTG,10825,6028
AGGTTT,5716,1796
AGTAAA,4746,4953
AGTAAC,2876,2865
AGTAAG,6582,6089
AGTAAT,4662,4591
AGTACA,2756,2029
AGTACC,1614,1106
AGTACG,3517,2443
AGTACT,2516,2685
AGTAGA,4799,3859
AGTAGC,2976,2553
AGTAGG,9995,8598
AGTAGT,4411,3439
AGTATA,4313,4004
AGTATC,2501,2160
AGTATG,6136,4863
AGTATT,4060,3347
AGTCAA,2835,2794
AGTCAC,1882,1823
AGTCAG,3284,2613
AGTCAT,2895,2858
AGTCCA,1751,979
AGTCCC,996,598
AGTCCG,2310,1105
AGTCCT,1691,1203
AGTCGA,3033,2607
AGTCGC,1998,1595
AGTCGG,5999,4540
AGTCGT,2883,2229
AGTCTA,2860,3610
AGTCTC,1564,1404
AGTCTG,3608,3093
AGTCTT,3047,2789
AGTGAA,3947,3827
AGTGAC,2354,2244
AGTGAG,6189,5611
AGTGAT,3518,3438
AGTGCA,3160,2160
AGTGCC,1729,1123
AGTGCG,4298,2328
AGTGCT,2431,2048
AGTGGA,7272,3696
AGTGGC,4840,2339
AGTGGG,18145,17400
AGTGGT,6709,3116
AGTGTA,4496,3365
AGTGTC,2540,1743
AGTGTG,7539,4762
AGTGTT,3824,2608
AGTTAA,4667,6151
AGTTAC,3283,4165
AGTTAG,5641,7068
AGTTAT,5294,6748
AGTTCA,2749,2364
AGTTCC,1638,1574
AGTTCG,3622,2222
AGTTCT,2569,2611
AGTTGA,4895,4603
AGTTGC,3005,3351
AGTTGG,7582,7215
AGTTGT,4944,4614
AGTTTA,4357,4914
AGTTTC,2608,2608
AGTTTG,6376,4651
AGTTTT,4341,4577
ATAAAA,3526,1305
ATAAAC,2599,930
ATAAAG,4417,1586
ATAAAT,3472,931
ATAACA,2194,511
ATAACC,1689,414
ATAACG,2689,610
ATAACT,2436,856
ATAAGA,3251,1033
ATAAGC,2255,920
ATAAGG,5167,2134
ATAAGT,3531,818
ATAATA,3044,942
ATAATC,2417,762
ATAATG,4576,1586
ATAATT,3415,878
ATACAA,2320,840
ATACAC,1643,511
ATACAG,2651,979
ATACAT,2440,681
ATACCA,1596,325
ATACCC,984,229
ATACCG,1742,344
ATACCT,1596,494
ATACGA,2054,720
ATACGC,1527,521
ATACGG,3243,1356
ATACGT,2766,812
ATACTA,2549,1080
ATACTC,1669,588
ATACTG,3409,2236
ATACTT,3418,1164
ATAGAA,3358,966
ATAGAC,2780,1544
ATAGAG,4504,2110
ATAGAT,3938,1137
ATAGCA,2584,887
ATAGCC,1497,722
ATAGCG,3029,950
ATAGCT,2092,2767
ATAGGA,4534,1153
ATAGGC,3473,1766
ATAGGG,8141,4930
ATAGGT,4831,1330
ATAGTA,3555,819
ATAGTC,2512,601
ATAGTG,6136,1952
ATAGTT,4075,1682
ATATAA,3287,1092
ATATAC,2588,1107
ATATAG,3849,1763
ATATAT,3354,983
ATATCA,2114,402
ATATCC,1477,324
ATATCG,2568,434
ATATCT,2263,543
ATATGA,3976,1105
ATATGC,2461,886
ATATGG,5215,2526
ATATGT,4916,1057
ATATTA,3366,1130
ATATTC,2584,768
ATATTG,4839,1510
ATATTT,4005,1033
ATCAAA,2351,955
ATCAAC,1879,813
ATCAAG,2745,953
ATCAAT,2416,775
ATCACA,1499,335
ATCACC,967,253
ATCACG,1643,382
ATCACT,1576,571
ATCAGA,2368,1310
ATCAGC,1597,630
ATCAGG,3074,1221
ATCAGT,2410,675
ATCATA,2173,680
ATCATC,1467,452
ATCATG,3222,992
ATCATT,3370,736
ATCCAA,1602,589
ATCCAC,1073,391
ATCCAG,2009,1202
ATCCAT,1731,463
ATCCCA,1008,189
ATCCCC,674,151
ATCCCG,1887,813
ATCCCT,942,273
ATCCGA,1445,449
ATCCGC,1035,359
ATCCGG,2123,858
ATCCGT,1604,403
ATCCTA,1609,700
ATCCTC,1079,332
ATCCTG,1851,779
ATCCTT,1968,524
ATCGAA,2273,808
ATCGAC,1599,671
ATCGAG,2818,1808
ATCGAT,2354,726
ATCGCA,1587,417
ATCGCC,1140,568
ATCGCG,1896,449
ATCGCT,1426,1637
ATCGGA,3208,938
ATCGGC,2058,987
ATCGGG,5647,3402
ATCGGT,3349,800
ATCGTA,2381,718
ATCGTC,1616,438
ATCGTG,3814,1357
ATCGTT,2684,731
ATCTAA,2542,1990
ATCTAC,1869,2230
ATCTAG,2669,1740
ATCTAT,2997,3141
ATCTCA,1526,360
ATCTCC,1014,301
ATCTCG,1667,335
ATCTCT,1555,428
ATCTGA,2394,1548
ATCTGC,1533,1051
ATCTGG,3028,1508
ATCTGT,2618,974
ATCTTA,3104,1281
ATCTTC,1661,660
ATCTTG,2828,1164
ATCTTT,2577,849
ATGAAA,3721,1604
ATGAAC,2474,1161
ATGAAG,4295,1897
ATGAAT,3733,1221
ATGACA,2562,753
ATGACC,1461,481
ATGACG,2666,912
ATGACT,2445,1715
ATGAGA,4088,3379
ATGAGC,2939,3861
ATGAGG,8553,4816
ATGAGT,4301,4216
ATGATA,3594,1342
ATGATC,2313,988
ATGATG,5449,1999
ATGATT,3825,1243
ATGCAA,2679,1884
ATGCAC,1703,1064
ATGCAG,3323,1907
ATGCAT,2689,1525
ATGCCA,1804,821
ATGCCC,1045,449
ATGCCG,2075,776
ATGCCT,1602,782
ATGCGA,2916,2777
ATGCGC,1640,1279
ATGCGG,5872,2827
ATGCGT,3202,1938
ATGCTA,2677,3561
ATGCTC,1623,1751
ATGCTG,3372,3265
ATGCTT,2865,3284
ATGGAA,5001,1824
ATGGAC,3014,1170
ATGGAG,7325,3571
ATGGAT,4575,1486
ATGGCA,3269,1122
ATGGCC,1758,1547
ATGGCG,4883,1562
ATGGCT,6228,3145
ATGGGA,7951,4718
ATGGGC,4816,2955
ATGGGG,18799,20937
ATGGGT,7811,3645
ATGGTA,5235,1718
ATGGTC,2859,1540
ATGGTG,8845,4652
ATGGTT,4936,1455
ATGTAA,4419,1720
ATGTAC,2618,1073
ATGTAG,5361,2504
ATGTAT,4224,1215
ATGTCA,2713,629
ATGTCC,1578,364
ATGTCG,3468,744
ATGTCT,2716,2697
ATGTGA,5032,2189
ATGTGC,1947,1439
ATGTGG,7818,5642
ATGTGT,4767,1564
ATGTTA,4933,3114
ATGTTC,2653,1064
ATGTTG,6510,2584
ATGTTT,4671,1494
ATTAAA,3436,1236
ATTAAC,2386,857
ATTAAG,4544,1933
ATTAAT,3237,939
ATTACA,2082,442
ATTACC,1472,393
ATTACG,2532,544
ATTACT,2211,658
ATTAGA,4147,2518
ATTAGC,2644,1335
ATTAGG,4617,1947
ATTAGT,4058,1282
ATTATA,3140,944
ATTATC,2117,602
ATTATG,4717,1598
ATTATT,3456,923
ATTCAA,2094,778
ATTCAC,1577,450
ATTCAG,2355,893
ATTCAT,2208,618
ATTCCA,1492,281
ATTCCC,998,178
ATTCCG,1637,293
ATTCCT,1495,393
ATTCGA,2583,732
ATTCGC,1548,446
ATTCGG,3364,1158
ATTCGT,2594,608
ATTCTA,2241,1012
ATTCTC,1737,511
ATTCTG,2926,1272
ATTCTT,3012,867
ATTGAA,3375,1937
ATTGAC,2361,1627
ATTGAG,4683,5602
ATTGAT,3779,1813
ATTGCA,1795,691
ATTGCC,1396,618
ATTGCG,2638,774
ATTGCT,2114,2547
ATTGGA,4781,1581
ATTGGC,3252,1412
ATTGGG,7248,4797
ATTGGT,4862,1418
ATTGTA,3763,1087
ATTGTC,2379,725
ATTGTG,5808,2489
ATTGTT,4507,1240
ATTTAA,3609,2123
ATTTAC,2310,1048
ATTTAG,4277,2540
ATTTAT,3371,1541
ATTTCA,2034,411
ATTTCC,1492,330
ATTTCG,2266,441
ATTTCT,2063,528
ATTTGA,3385,1263
ATTTGC,2102,789
ATTTGG,4844,2226
ATTTGT,3859,948
ATTTTA,3639,1364
ATTTTC,2481,828
ATTTTG,4355,1557
ATTTTT,3696,1130
CAAAAA,2622,888
CAAAAC,1672,641
CAAAAG,2466,1032
CAAAAT,2254,723
CAAACA,1585,338
CAAACC,1192,297
CAAACG,1684,425
CAAACT,1603,475
CAAAGA,2365,703
CAAAGC,1859,714
CAAAGG,3806,1760
CAAAGT,2426,615
CAAATA,2288,682
CAAATC,1474,487
CAAATG,3152,1159
CAAATT,2367,595
CAACAA,1856,901
CAACAC,1117,537
CAACAG,1886,929
CAACAT,1633,657
CAACCA,1257,367
CAACCC,745,194
CAACCG,1307,410
CAACCT,1138,425
CAACGA,1746,1022
CAACGC,1228,655
CAACGG,2644,1288
CAACGT,1796,753
CAACTA,2030,1312
CAACTC,1055,803
CAACTG,2287,2445
CAACTT,2093,1201
CAAGAA,2337,656
CAAGAC,1814,722
CAAGAG,3355,2240
CAAGAT,2283,658
CAAGCA,1603,565
CAAGCC,1166,657
CAAGCG,2185,813
CAAGCT,1692,1872
CAAGGA,3426,995
CAAGGC,2390,1404
CAAGGG,7156,4814
CAAGGT,3645,1067
CAAGTA,2390,556
CAAGTC,1669,486
CAAGTG,4204,1604
CAAGTT,2422,981
CAATAA,2422,816
CAATAC,1660,577
CAATAG,2464,1080
CAATAT,2171,559
CAATCA,1637,349
CAATCC,1089,205
CAATCG,1706,325
CAATCT,1723,351
CAATGA,2552,721
CAATGC,2086,718
CAATGG,3743,2052
CAATGT,2769,612
CAATTA,2577,739
CAATTC,1557,505
CAATTG,3575,1527
CAATTT,2524,736
CACAAA,1667,533
CACAAC,1106,464
CACAAG,1686,583
CACAAT,1509,412
CACACA,992,238
CACACC,753,164
CACACG,1132,274
CACACT,962,266
CACAGA,1696,701
CACAGC,1185,438
CACAGG,2244,916
CACAGT,1655,370
CACATA,1603,391
CACATC,1013,289
CACATG,2098,605
CACATT,1866,404
CACCAA,1073,364
CACCAC,696,228
CACCAG,1261,757
CACCAT,1242,274
CACCCA,769,159
CACCCC,514,104
CACCCG,854,185
CACCCT,752,155
CACCGA,1046,314
CACCGC,804,244
CACCGG,1827,830
CACCGT,1163,263
CACCTA,1019,363
CACCTC,650,211
CACCTG,1285,600
CACCTT,1269,351
CACGAA,1612,509
CACGAC,1133,456
CACGAG,2135,1428
CACGAT,1385,408
CACGCA,1162,306
CACGCC,884,469
CACGCG,1618,440
CACGCT,990,1076
CACGGA,2249,671
CACGGC,1623,598
CACGGG,4964,3123
CACGGT,2284,610
CACGTA,1880,439
CACGTC,1181,339
CACGTG,2554,1036
CACGTT,1830,462
CACTAA,1909,642
CACTAC,1079,618
CACTAG,1731,800
CACTAT,1815,588
CACTCA,984,245
CACTCC,765,163
CACTCG,1173,202
CACTCT,1088,237
CACTGA,1647,1357
CACTGC,1011,591
CACTGG,2386,1367
CACTGT,1701,703
CACTTA,1820,844
CACTTC,1030,378
CACTTG,1939,806
CACTTT,1883,507
CAGAAA,2156,964
CAGAAC,1427,732
CAGAAG,1970,900
CAGAAT,1821,722
CAGACA,1863,581
CAGACC,1103,379
CAGACG,2002,749
CAGACT,2026,952
CAGAGA,3207,1664
CAGAGC,2052,1571
CAGAGG,6088,6001
CAGAGT,3240,1458
CAGATA,2405,820
CAGATC,1561,570
CAGATG,3154,1548
CAGATT,2532,851
CAGCAA,2057,1655
CAGCAC,1267,924
CAGCAG,2069,1615
CAGCAT,1917,1221
CAGCCA,1344,559
CAGCCC,821,393
CAGCCG,1739,698
CAGCCT,1275,523
CAGCGA,2408,2455
CAGCGC,1593,1178
CAGCGG,5222,2777
CAGCGT,2468,1544
CAGCTA,1892,2530
CAGCTC,1191,1384
CAGCTG,2386,2564
CAGCTT,2120,2337
CAGGAA,3557,1119
CAGGAC,2218,828
CAGGAG,5067,2540
CAGGAT,3140,886
CAGGCA,2781,913
CAGGCC,1812,1443
CAGGCG,4580,1808
CAGGCT,2309,1293
CAGGGA,6545,3764
CAGGGC,4355,2206
CAGGGG,19091,21125
CAGGGT,6182,2695
CAGGTA,4008,1101
CAGGTC,2355,1461
CAGGTG,6452,3468
CAGGTT,3431,967
CAGTAA,2823,1195
CAGTAC,1766,666
CAGTAG,3097,1470
CAGTAT,2472,774
CAGTCA,1896,452
CAGTCC,1331,372
CAGTCG,2324,590
CAGTCT,1969,1315
CAGTGA,3613,1651
CAGTGC,2409,951
CAGTGG,6108,4368
CAGTGT,3799,1082
CAGTTA,3062,2483
CAGTTC,1707,783
CAGTTG,4028,1803
CAGTTT,2733,1050
CATAAA,2375,812
CATAAC,1505,507
CATAAG,2172,876
CATAAT,2100,533
CATACA,1353,321
CATACC,951,230
CATACG,1238,286
CATACT,1383,358
CATAGA,2268,720
CATAGC,1688,656
CATAGG,2843,1149
CATAGT,2246,525
CATATA,2124,625
CATATC,1496,407
CATATG,2719,815
CATATT,2592,567
CATCAA,1424,450
CATCAC,899,260
CATCAG,1429,611
CATCAT,1445,348
CATCCA,1069,191
CATCCC,847,253
CATCCG,894,172
CATCCT,1016,197
CATCGA,1349,386
CATCGC,1215,296
CATCGG,2010,810
CATCGT,1662,308
CATCTA,1665,503
CATCTC,953,299
CATCTG,1942,812
CATCTT,1814,502
CATGAA,2311,664
CATGAC,1644,635
CATGAG,3010,2110
CATGAT,2470,582
CATGCA,1665,376
CATGCC,1182,525
CATGCG,1826,522
CATGCT,1556,1678
CATGGA,3016,872
CATGGC,2878,1011
CATGGG,5606,2981
CATGGT,3132,853
CATGTA,2915,602
CATGTC,1949,431
CATGTG,4429,1389
CATGTT,3370,826
CATTAA,2496,763
CATTAC,1606,517
CATTAG,2938,1914
CATTAT,2179,552
CATTCA,1473,266
CATTCC,1016,193
CATTCG,1530,286
CATTCT,1604,290
CATTGA,2510,636
CATTGC,1964,593
CATTGG,3262,1550
CATTGT,2471,514
CATTTA,2370,685
CATTTC,1613,466
CATTTG,2887,960
CATTTT,2594,577
CCAAAA,2405,745
CCAAAC,932,299
CCAAAG,2161,861
CCAAAT,1455,377
CCAACA,933,282
CCAACC,699,205
CCAACG,1368,339
CCAACT,811,292
CCAAGA,1970,615
CCAAGC,897,316
CCAAGG,2580,1352
CCAAGT,1482,387
CCAATA,1553,442
CCAATC,788,270
CCAATG,2083,835
CCAATT,1382,389
CCACAA,962,311
CCACAC,613,170
CCACAG,1154,422
CCACAT,722,203
CCACCA,790,174
CCACCC,513,108
CCACCG,856,177
CCACCT,627,134
CCACGA,1197,420
CCACGC,826,244
CCACGG,1794,759
CCACGT,1166,287
CCACTA,1027,290
CCACTC,572,189
CCACTG,1272,603
CCACTT,977,315
CCAGAA,1553,643
CCAGAC,801,409
CCAGAG,1438,1290
CCAGAT,1295,470
CCAGCA,1269,321
CCAGCC,708,230
CCAGCG,1513,466
CCAGCT,834,347
CCAGGA,2210,822
CCAGGC,1501,528
CCAGGG,3585,2744
CCAGGT,2012,632
CCAGTA,1806,633
CCAGTC,980,265
CCAGTG,1996,1081
CCAGTT,1397,445
CCATAA,2175,555
CCATAC,955,303
CCATAG,2108,786
CCATAT,1387,338
CCATCA,971,176
CCATCC,865,170
CCATCG,1387,247
CCATCT,1005,197
CCATGA,2067,563
CCATGC,1083,289
CCATGG,2497,1418
CCATGT,1985,468
CCATTA,1852,463
CCATTC,1192,311
CCATTG,2121,890
CCATTT,2130,511
CCCAAA,1094,326
CCCAAC,676,204
CCCAAG,1307,419
CCCAAT,895,213
CCCACA,751,113
CCCACC,550,110
CCCACG,869,201
CCCACT,656,134
CCCAGA,1131,451
CCCAGC,737,229
CCCAGG,1755,644
CCCAGT,1057,261
CCCATA,955,196
CCCATC,660,171
CCCATG,1315,402
CCCATT,1158,221
CCCCAA,754,193
CCCCAC,516,98
CCCCAG,883,346
CCCCAT,623,142
CCCCCA,634,116
CCCCCC,449,119
CCCCCG,727,153
CCCCCT,581,114
CCCCGA,848,245
CCCCGC,665,143
CCCCGG,1514,555
CCCCGT,888,172
CCCCTA,652,157
CCCCTC,536,167
CCCCTG,803,313
CCCCTT,723,195
CCCGAA,1223,422
CCCGAC,709,285
CCCGAG,1370,1107
CCCGAT,989,306
CCCGCA,918,194
CCCGCC,596,191
CCCGCG,1357,349
CCCGCT,690,461
CCCGGA,1636,471
CCCGGC,1177,350
CCCGGG,3647,2407
CCCGGT,1604,382
CCCGTA,1243,311
CCCGTC,858,221
CCCGTG,1636,685
CCCGTT,1229,258
CCCTAA,1154,279
CCCTAC,662,207
CCCTAG,1291,431
CCCTAT,944,233
CCCTCA,596,92
CCCTCC,560,92
CCCTCG,861,177
CCCTCT,751,139
CCCTGA,1138,384
CCCTGC,772,224
CCCTGG,1578,678
CCCTGT,1169,273
CCCTTA,1031,243
CCCTTC,694,183
CCCTTG,1333,416
CCCTTT,1090,228
CCGAAA,1843,753
CCGAAC,989,361
CCGAAG,1990,950
CCGAAT,1323,464
CCGACA,889,266
CCGACC,759,244
CCGACG,1541,497
CCGACT,953,342
CCGAGA,1751,858
CCGAGC,1318,973
CCGAGG,3317,3526
CCGAGT,1562,766
CCGATA,1191,428
CCGATC,834,331
CCGATG,1895,983
CCGATT,1215,361
CCGCAA,912,356
CCGCAC,769,243
CCGCAG,1454,643
CCGCAT,791,226
CCGCCA,840,212
CCGCCC,633,146
CCGCCG,1220,322
CCGCCT,742,188
CCGCGA,1502,545
CCGCGC,1127,405
CCGCGG,3464,1688
CCGCGT,1413,424
CCGCTA,822,464
CCGCTC,508,229
CCGCTG,1422,830
CCGCTT,910,308
CCGGAA,1956,931
CCGGAC,1287,557
CCGGAG,2657,2628
CCGGAT,1660,669
CCGGCA,1503,463
CCGGCC,1269,844
CCGGCG,3108,1186
CCGGCT,1263,739
CCGGGA,4244,1764
CCGGGC,2869,1272
CCGGGG,12742,12084
CCGGGT,3717,1371
CCGGTA,2232,747
CCGGTC,1428,508
CCGGTG,3550,2461
CCGGTT,1893,504
CCGTAA,2140,659
CCGTAC,1226,351
CCGTAG,2253,870
CCGTAT,1452,401
CCGTCA,1003,233
CCGTCC,900,181
CCGTCG,1755,588
CCGTCT,967,238
CCGTGA,2227,848
CCGTGC,1562,543
CCGTGG,3687,3227
CCGTGT,2043,581
CCGTTA,1601,510
CCGTTC,1042,332
CCGTTG,2221,933
CCGTTT,1424,418
CCTAAA,1922,566
CCTAAC,880,244
CCTAAG,1738,670
CCTAAT,1311,341
CCTACA,807,220
CCTACC,783,167
CCTACG,1072,313
CCTACT,810,184
CCTAGA,1724,430
CCTAGC,1060,279
CCTAGG,2034,835
CCTAGT,1299,332
CCTATA,1339,362
CCTATC,877,280
CCTATG,1836,580
CCTATT,1287,379
CCTCAA,453,170
CCTCAC,429,97
CCTCAG,634,253
CCTCAT,387,108
CCTCCA,708,141
CCTCCC,512,114
CCTCCG,700,136
CCTCCT,558,120
CCTCGA,976,241
CCTCGC,747,155
CCTCGG,1436,529
CCTCGT,939,199
CCTCTA,740,231
CCTCTC,517,173
CCTCTG,2046,614
CCTCTT,855,228
CCTGAA,1592,568
CCTGAC,896,356
CCTGAG,1575,1131
CCTGAT,1257,369
CCTGCA,1037,264
CCTGCC,713,205
CCTGCG,1288,311
CCTGCT,753,461
CCTGGA,1953,535
CCTGGC,1365,389
CCTGGG,3380,1933
CCTGGT,1914,570
CCTGTA,1773,446
CCTGTC,1072,261
CCTGTG,1982,751
CCTGTT,1467,374
CCTTAA,2147,693
CCTTAC,684,228
CCTTAG,1864,689
CCTTAT,872,262
CCTTCA,955,249
CCTTCC,634,128
CCTTCG,1154,239
CCTTCT,822,224
CCTTGA,1773,450
CCTTGC,1087,265
CCTTGG,2017,1061
CCTTGT,1557,364
CCTTTA,1727,515
CCTTTC,936,295
CCTTTG,1847,605
CCTTTT,1548,431
CGAAAA,2930,1286
CGAAAC,1806,793
CGAAAG,3697,1608
CGAAAT,2563,851
CGAACA,1902,522
CGAACC,1239,356
CGAACG,2443,634
CGAACT,2042,1309
CGAAGA,3032,1135
CGAAGC,1947,1121
CGAAGG,6267,3039
CGAAGT,2691,855
CGAATA,2528,872
CGAATC,1684,673
CGAATG,3549,1310
CGAATT,2589,860
CGACAA,1909,879
CGACAC,1214,491
CGACAG,2370,1183
CGACAT,2041,671
CGACCA,1269,333
CGACCC,819,284
CGACCG,1476,472
CGACCT,1215,536
CGACGA,1935,1014
CGACGC,1501,757
CGACGG,4755,2812
CGACGT,2148,844
CGACTA,1837,1049
CGACTC,1115,576
CGACTG,2311,1963
CGACTT,1952,1157
CGAGAA,3216,1958
CGAGAC,2081,1235
CGAGAG,5607,4189
CGAGAT,3090,1734
CGAGCA,2302,2628
CGAGCC,1311,1292
CGAGCG,4222,4792
CGAGCT,1994,2723
CGAGGA,5405,2673
CGAGGC,3918,2162
CGAGGG,15471,16125
CGAGGT,5394,2325
CGAGTA,3124,2400
CGAGTC,1923,1473
CGAGTG,5382,3757
CGAGTT,3412,4458
CGATAA,2717,1036
CGATAC,1734,728
CGATAG,3086,1509
CGATAT,2582,800
CGATCA,1744,366
CGATCC,1142,255
CGATCG,2073,446
CGATCT,2036,1300
CGATGA,2577,820
CGATGC,1903,1048
CGATGG,4924,3159
CGATGT,2662,740
CGATTA,2706,773
CGATTC,1822,581
CGATTG,3404,1300
CGATTT,2742,1042
CGCAAA,2039,1057
CGCAAC,1322,666
CGCAAG,2676,1351
CGCAAT,1670,689
CGCACA,1383,384
CGCACC,865,308
CGCACG,1978,675
CGCACT,1190,403
CGCAGA,2307,1057
CGCAGC,1371,712
CGCAGG,4800,2560
CGCAGT,2110,630
CGCATA,1871,715
CGCATC,1067,431
CGCATG,2620,1172
CGCATT,1796,550
CGCCAA,1378,683
CGCCAC,805,387
CGCCAG,1643,1820
CGCCAT,1459,544
CGCCCA,916,231
CGCCCC,565,167
CGCCCG,1576,508
CGCCCT,697,214
CGCCGA,1632,699
CGCCGC,1183,436
CGCCGG,3790,3440
CGCCGT,1438,527
CGCCTA,1277,564
CGCCTC,826,352
CGCCTG,1617,1014
CGCCTT,1357,468
CGCGAA,2110,1320
CGCGAC,1472,973
CGCGAG,3856,2431
CGCGAT,1834,1087
CGCGCA,1583,620
CGCGCC,990,579
CGCGCG,3281,1278
CGCGCT,1353,1420
CGCGGA,4189,1668
CGCGGC,3129,1385
CGCGGG,15163,10869
CGCGGT,3541,1250
CGCGTA,2270,973
CGCGTC,1407,538
CGCGTG,3898,2130
CGCGTT,1868,752
CGCTAA,1822,2005
CGCTAC,1133,1469
CGCTAG,2182,2100
CGCTAT,1918,2367
CGCTCA,1175,507
CGCTCC,708,447
CGCTCG,1730,595
CGCTCT,1029,473
CGCTGA,1832,1390
CGCTGC,1202,1282
CGCTGG,4035,3268
CGCTGT,1775,1225
CGCTTA,1999,1197
CGCTTC,1005,746
CGCTTG,2357,1212
CGCTTT,1785,977
CGGAAA,4822,2089
CGGAAC,2806,1200
CGGAAG,6101,3035
CGGAAT,3798,1347
CGGACA,2960,865
CGGACC,1846,520
CGGACG,4608,1873
CGGACT,2366,917
CGGAGA,6359,3339
CGGAGC,3423,3209
CGGAGG,21128,20132
CGGAGT,5386,2486
CGGATA,3813,1474
CGGATC,2377,998
CGGATG,6486,4607
CGGATT,3603,1127
CGGCAA,3217,1502
CGGCAC,1967,825
CGGCAG,5525,2594
CGGCAT,2314,986
CGGCCA,1909,962
CGGCCC,1282,482
CGGCCG,3907,1751
CGGCCT,1731,699
CGGCGA,5008,2785
CGGCGC,3182,1504
CGGCGG,17272,10963
CGGCGT,4212,1650
CGGCTA,2485,2138
CGGCTC,1733,986
CGGCTG,4121,3247
CGGCTT,2379,1272
CGGGAA,7348,3875
CGGGAC,4859,2583
CGGGAG,19957,12824
CGGGAT,6302,2753
CGGGCA,5013,2137
CGGGCC,3276,2587
CGGGCG,17590,8862
CGGGCT,4125,3583
CGGGGA,18126,14849
CGGGGC,13537,9254
CGGGGG,91352,113028
CGGGGT,16226,8955
CGGGTA,7521,3463
CGGGTC,4496,2001
CGGGTG,19948,17574
CGGGTT,5668,2622
CGGTAA,5136,2084
CGGTAC,2906,1208
CGGTAG,7255,3714
CGGTAT,4390,1335
CGGTCA,2993,907
CGGTCC,1874,511
CGGTCG,4918,1540
CGGTCT,2488,798
CGGTGA,6900,2911
CGGTGC,4337,1771
CGGTGG,14706,16543
CGGTGT,5891,2186
CGGTTA,4197,1750
CGGTTC,2415,909
CGGTTG,6730,5668
CGGTTT,3777,1102
CGTAAA,2921,1161
CGTAAC,1893,709
CGTAAG,3630,1534
CGTAAT,2624,768
CGTACA,1760,411
CGTACC,1201,298
CGTACG,2190,507
CGTACT,1757,502
CGTAGA,3143,1305
CGTAGC,1970,1180
CGTAGG,5728,2540
CGTAGT,3194,1096
CGTATA,2717,834
CGTATC,1771,524
CGTATG,3220,1086
CGTATT,2490,656
CGTCAA,1973,758
CGTCAC,1127,373
CGTCAG,2421,2289
CGTCAT,1707,516
CGTCCA,1249,292
CGTCCC,849,154
CGTCCG,1579,380
CGTCCT,1231,248
CGTCGA,2070,646
CGTCGC,1403,430
CGTCGG,3920,2208
CGTCGT,1872,514
CGTCTA,1869,881
CGTCTC,1203,435
CGTCTG,2010,934
CGTCTT,2022,614
CGTGAA,2837,954
CGTGAC,1733,733
CGTGAG,4901,2947
CGTGAT,2552,1031
CGTGCA,2222,693
CGTGCC,1307,674
CGTGCG,3468,1216
CGTGCT,1924,2134
CGTGGA,5302,2229
CGTGGC,3914,1651
CGTGGG,14890,11070
CGTGGT,4726,2192
CGTGTA,3295,764
CGTGTC,2033,528
CGTGTG,5016,2138
CGTGTT,3650,1155
CGTTAA,3034,1483
CGTTAC,1879,1537
CGTTAG,4261,5723
CGTTAT,2899,1595
CGTTCA,1586,355
CGTTCC,1117,249
CGTTCG,2434,595
CGTTCT,1736,492
CGTTGA,3031,977
CGTTGC,2131,814
CGTTGG,5015,4416
CGTTGT,2867,762
CGTTTA,2870,964
CGTTTC,1602,552
CGTTTG,3621,1345
CGTTTT,2885,718
CTAAAA,2715,1252
CTAAAC,1699,782
CTAAAG,3095,1466
CTAAAT,2328,849
CTAACA,1645,424
CTAACC,1127,384
CTAACG,1986,480
CTAACT,1718,586
CTAAGA,2473,1055
CTAAGC,1556,1202
CTAAGG,3456,2057
CTAAGT,2468,1044
CTAATA,2229,843
CTAATC,1621,643
CTAATG,3215,1127
CTAATT,2267,799
CTACAA,1442,945
CTACAC,978,609
CTACAG,1794,945
CTACAT,1432,835
CTACCA,1029,357
CTACCC,619,267
CTACCG,1204,368
CTACCT,908,432
CTACGA,1268,1370
CTACGC,906,918
CTACGG,2185,1350
CTACGT,2281,1795
CTACTA,1430,900
CTACTC,900,560
CTACTG,2043,1238
CTACTT,1743,1022
CTAGAA,2450,1135
CTAGAC,1820,748
CTAGAG,2624,2339
CTAGAT,2499,960
CTAGCA,1680,875
CTAGCC,1014,426
CTAGCG,2367,982
CTAGCT,1745,2048
CTAGGA,3284,1076
CTAGGC,2411,1082
CTAGGG,5858,4375
CTAGGT,3369,999
CTAGTA,2724,778
CTAGTC,1753,516
CTAGTG,3856,1625
CTAGTT,2606,1147
CTATAA,2573,1148
CTATAC,1658,823
CTATAG,2813,1334
CTATAT,2160,877
CTATCA,1425,415
CTATCC,1018,334
CTATCG,1865,423
CTATCT,1451,570
CTATGA,2449,1030
CTATGC,1584,696
CTATGG,3487,1842
CTATGT,2786,1073
CTATTA,2144,975
CTATTC,1514,771
CTATTG,3102,1193
CTATTT,2395,1007
CTCAAA,1731,659
CTCAAC,1036,471
CTCAAG,1929,796
CTCAAT,1552,476
CTCACA,1111,246
CTCACC,681,235
CTCACG,1218,282
CTCACT,1241,272
CTCAGA,1653,741
CTCAGC,1070,733
CTCAGG,1956,762
CTCAGT,1677,548
CTCATA,1591,416
CTCATC,1064,329
CTCATG,1913,616
CTCATT,1865,457
CTCCAA,1117,357
CTCCAC,744,211
CTCCAG,1228,747
CTCCAT,1148,267
CTCCCA,657,135
CTCCCC,513,117
CTCCCG,813,168
CTCCCT,751,123
CTCCGA,1022,292
CTCCGC,659,241
CTCCGG,1499,568
CTCCGT,1229,311
CTCCTA,1095,344
CTCCTC,716,220
CTCCTG,1145,412
CTCCTT,1153,283
CTCGAA,1680,620
CTCGAC,1016,441
CTCGAG,1885,1388
CTCGAT,1489,416
CTCGCA,1167,249
CTCGCC,546,317
CTCGCG,1376,343
CTCGCT,1040,1067
CTCGGA,2096,585
CTCGGC,1494,590
CTCGGG,3792,2323
CTCGGT,2011,562
CTCGTA,1816,440
CTCGTC,1081,282
CTCGTG,2290,893
CTCGTT,1730,445
CTCTAA,1808,914
CTCTAC,1077,697
CTCTAG,1793,777
CTCTAT,1842,720
CTCTCA,1157,204
CTCTCC,693,194
CTCTCG,1171,201
CTCTCT,1123,232
CTCTGA,1627,681
CTCTGC,1038,457
CTCTGG,3236,1220
CTCTGT,1711,462
CTCTTA,2009,632
CTCTTC,1289,371
CTCTTG,2147,616
CTCTTT,2023,495
CTGAAA,2468,2865
CTGAAC,1654,2016
CTGAAG,2329,2591
CTGAAT,2314,2322
CTGACA,1403,1514
CTGACC,1015,891
CTGACG,1629,1449
CTGACT,1827,2419
CTGAGA,2790,3690
CTGAGC,1985,2485
CTGAGG,4305,4904
CTGAGT,3087,3881
CTGATA,2204,2460
CTGATC,1447,1740
CTGATG,2628,2116
CTGATT,2313,1820
CTGCAA,1200,1131
CTGCAC,817,668
CTGCAG,1870,1559
CTGCAT,1114,960
CTGCCA,919,425
CTGCCC,604,207
CTGCCG,1382,482
CTGCCT,1051,495
CTGCGA,1336,1255
CTGCGC,1233,1511
CTGCGG,3518,2175
CTGCGT,1822,1659
CTGCTA,1409,1622
CTGCTC,908,721
CTGCTG,1929,1449
CTGCTT,1601,1129
CTGGAA,2900,1578
CTGGAC,1717,1050
CTGGAG,3903,3570
CTGGAT,2941,1401
CTGGCA,2021,1504
CTGGCC,1617,1207
CTGGCG,3628,2302
CTGGCT,2236,2552
CTGGGA,4574,3766
CTGGGC,3828,4075
CTGGGG,12997,13769
CTGGGT,4968,4535
CTGGTA,3060,1521
CTGGTC,1905,1058
CTGGTG,4956,2993
CTGGTT,3225,1960
CTGTAA,2711,2081
CTGTAC,1685,1250
CTGTAG,3271,2686
CTGTAT,2335,1432
CTGTCA,1453,619
CTGTCC,982,405
CTGTCG,1913,803
CTGTCT,1924,1897
CTGTGA,2694,2191
CTGTGC,1841,2309
CTGTGG,4571,3736
CTGTGT,2890,2096
CTGTTA,2442,1560
CTGTTC,1587,1380
CTGTTG,3282,1611
CTGTTT,2420,1240
CTTAAA,3464,1558
CTTAAC,2049,867
CTTAAG,3869,2968
CTTAAT,3113,1129
CTTACA,1785,407
CTTACC,1245,318
CTTACG,1809,491
CTTACT,1820,428
CTTAGA,2965,1309
CTTAGC,1967,1166
CTTAGG,3555,2037
CTTAGT,2901,1060
CTTATA,2646,1055
CTTATC,2001,646
CTTATG,3351,1354
CTTATT,2963,878
CTTCAA,1423,451
CTTCAC,1068,270
CTTCAG,1574,702
CTTCAT,1288,336
CTTCCA,1118,192
CTTCCC,751,159
CTTCCG,1123,200
CTTCCT,995,206
CTTCGA,1519,440
CTTCGC,1018,316
CTTCGG,2091,681
CTTCGT,1799,447
CTTCTA,1620,460
CTTCTC,1099,311
CTTCTG,1842,804
CTTCTT,1738,464
CTTGAA,2563,1013
CTTGAC,1662,667
CTTGAG,2944,2231
CTTGAT,2439,816
CTTGCA,1679,441
CTTGCC,1070,478
CTTGCG,1937,458
CTTGCT,1392,1540
CTTGGA,2955,925
CTTGGC,2134,1037
CTTGGG,4787,3049
CTTGGT,3064,905
CTTGTA,2676,650
CTTGTC,1616,382
CTTGTG,3502,1519
CTTGTT,2835,681
CTTTAA,3162,1156
CTTTAC,1919,638
CTTTAG,3130,1792
CTTTAT,2331,658
CTTTCA,1627,329
CTTTCC,1311,226
CTTTCG,1861,387
CTTTCT,1783,377
CTTTGA,2687,911
CTTTGC,1908,927
CTTTGG,3337,1504
CTTTGT,2789,780
CTTTTA,2874,804
CTTTTC,1941,552
CTTTTG,3400,1214
CTTTTT,2858,747
GAAAAA,7134,2891
GAAAAC,3632,1247
GAAAAG,10400,4943
GAAAAT,5358,1393
GAAACA,3631,863
GAAACC,2283,547
GAAACG,4821,1291
GAAACT,3340,796
GAAAGA,8507,2762
GAAAGC,4286,1432
GAAAGG,20296,9796
GAAAGT,5936,1345
GAAATA,4848,1437
GAAATC,3257,969
GAAATG,7242,3328
GAAATT,5174,1113
GAACAA,3513,1282
GAACAC,2231,698
GAACAG,4400,1765
GAACAT,3307,846
GAACCA,2357,508
GAACCC,1435,333
GAACCG,3047,699
GAACCT,2268,464
GAACGA,3822,1179
GAACGC,2925,943
GAACGG,8543,4225
GAACGT,4183,1076
GAACTA,3290,1374
GAACTC,2051,737
GAACTG,4334,2846
GAACTT,3400,1203
GAAGAA,8054,2764
GAAGAC,3518,1683
GAAGAG,16423,8233
GAAGAT,5355,1311
GAAGCA,4008,1211
GAAGCC,2219,849
GAAGCG,7604,2632
GAAGCT,3170,3553
GAAGGA,16770,6298
GAAGGC,6376,2926
GAAGGG,60461,40337
GAAGGT,9122,2657
GAAGTA,5077,1140
GAAGTC,3298,761
GAAGTG,12156,5765
GAAGTT,5213,2084
GAATAA,5535,1782
GAATAC,3274,1000
GAATAG,6356,2377
GAATAT,4734,1141
GAATCA,3577,641
GAATCC,2039,397
GAATCG,4340,865
GAATCT,3385,598
GAATGA,5940,1459
GAATGC,3861,1100
GAATGG,10282,7674
GAATGT,6220,1311
GAATTA,4553,1211
GAATTC,3189,909
GAATTG,6879,3127
GAATTT,5284,1198
GACAAA,3095,978
GACAAC,1808,642
GACAAG,3593,1251
GACAAT,2730,659
GACACA,1767,444
GACACC,1032,294
GACACG,1964,550
GACACT,1643,380
GACAGA,3413,1734
GACAGC,2090,772
GACAGG,6763,2965
GACAGT,3023,936
GACATA,2902,833
GACATC,1574,494
GACATG,3567,1339
GACATT,2727,679
GACCAA,1869,652
GACCAC,1133,374
GACCAG,2652,2212
GACCAT,1788,467
GACCCA,1177,309
GACCCC,727,180
GACCCG,1796,415
GACCCT,1079,281
GACCGA,2109,747
GACCGC,1478,496
GACCGG,5234,2332
GACCGT,2059,539
GACCTA,1776,601
GACCTC,1122,355
GACCTG,2049,1009
GACCTT,1857,570
GACGAA,2659,912
GACGAC,1764,635
GACGAG,4504,2181
GACGAT,2312,701
GACGCA,1804,474
GACGCC,1270,513
GACGCG,3114,987
GACGCT,1562,1370
GACGGA,5194,2026
GACGGC,2907,1400
GACGGG,21535,13151
GACGGT,4697,1432
GACGTA,3003,817
GACGTC,1568,471
GACGTG,4969,3035
GACGTT,2766,714
GACTAA,2772,989
GACTAC,1428,800
GACTAG,3119,1310
GACTAT,2428,924
GACTCA,1800,453
GACTCC,935,273
GACTCG,1781,487
GACTCT,1491,379
GACTGA,2565,1444
GACTGC,1510,730
GACTGG,5426,3133
GACTGT,2752,980
GACTTA,2922,1659
GACTTC,1680,633
GACTTG,3047,1452
GACTTT,2764,1086
GAGAAA,9312,4045
GAGAAC,4216,1811
GAGAAG,16130,7744
GAGAAT,6089,2027
GAGACA,4295,1325
GAGACC,2421,806
GAGACG,7008,2503
GAGACT,3556,2223
GAGAGA,13959,6046
GAGAGC,6354,4561
GAGAGG,49029,31002
GAGAGT,8950,3105
GAGATA,5937,2421
GAGATC,3633,1374
GAGATG,10323,5861
GAGATT,5518,1969
GAGCAA,4675,4544
GAGCAC,2791,2612
GAGCAG,7783,6926
GAGCAT,4067,3449
GAGCCA,2452,1381
GAGCCC,1553,1074
GAGCCG,5042,3268
GAGCCT,2138,1560
GAGCGA,7003,7217
GAGCGC,4449,4639
GAGCGG,23624,15808
GAGCGT,5879,5287
GAGCTA,3633,4460
GAGCTC,2204,2582
GAGCTG,5875,7151
GAGCTT,3309,4140
GAGGAA,15453,7572
GAGGAC,6213,2903
GAGGAG,43562,23706
GAGGAT,8516,3408
GAGGCA,6587,2049
GAGGCC,3777,2824
GAGGCG,20123,6878
GAGGCT,4997,2185
GAGGGA,38176,26008
GAGGGC,15736,11792
GAGGGG,185966,184005
GAGGGT,20584,11721
GAGGTA,9690,3524
GAGGTC,5611,2307
GAGGTG,26278,19995
GAGGTT,7809,2560
GAGTAA,6686,3640
GAGTAC,3930,1882
GAGTAG,10940,5049
GAGTAT,6165,2620
GAGTCA,4019,1409
GAGTCC,2376,652
GAGTCG,7540,2002
GAGTCT,4086,3272
GAGTGA,9056,5560
GAGTGC,6390,2849
GAGTGG,28784,25401
GAGTGT,8974,3542
GAGTTA,4887,5337
GAGTTC,3492,2086
GAGTTG,10860,7085
GAGTTT,5464,3133
GATAAA,4913,1523
GATAAC,2792,807
GATAAG,6005,1969
GATAAT,4221,998
GATACA,2912,560
GATACC,1918,410
GATACG,3174,899
GATACT,2781,606
GATAGA,5256,1462
GATAGC,3474,1036
GATAGG,8587,2949
GATAGT,4869,1016
GATATA,4150,924
GATATC,2644,652
GATATG,6356,1948
GATATT,4167,853
GATCAA,3041,892
GATCAC,1787,462
GATCAG,3763,1858
GATCAT,2734,603
GATCCA,1950,345
GATCCC,1316,332
GATCCG,2178,511
GATCCT,1828,365
GATCGA,3293,785
GATCGC,2241,600
GATCGG,6318,2324
GATCGT,3162,725
GATCTA,2766,1074
GATCTC,1786,500
GATCTG,3614,1525
GATCTT,2879,846
GATGAA,4285,1206
GATGAC,2971,1041
GATGAG,7143,3314
GATGAT,4032,1073
GATGCA,3012,820
GATGCC,1826,673
GATGCG,4987,1494
GATGCT,2846,3021
GATGGA,6989,2991
GATGGC,6532,3123
GATGGG,20919,16828
GATGGT,6663,3064
GATGTA,4437,1117
GATGTC,2780,717
GATGTG,9058,4102
GATGTT,4841,1298
GATTAA,4459,1278
GATTAC,2740,912
GATTAG,5785,3756
GATTAT,4207,997
GATTCA,3095,596
GATTCC,1867,386
GATTCG,3967,760
GATTCT,3087,569
GATTGA,4488,1326
GATTGC,3010,777
GATTGG,8056,5111
GATTGT,4677,1082
GATTTA,4366,1887
GATTTC,2819,734
GATTTG,5099,1984
GATTTT,4349,1227
GCAAAA,3807,1311
GCAAAC,2193,743
GCAAAG,4336,1602
GCAAAT,3180,784
GCAACA,2138,458
GCAACC,1460,374
GCAACG,2294,643
GCAACT,1952,474
GCAAGA,4147,1570
GCAAGC,2593,840
GCAAGG,7895,3312
GCAAGT,3610,977
GCAATA,3151,843
GCAATC,2066,573
GCAATG,3960,1672
GCAATT,3107,680
GCACAA,2159,760
GCACAC,1331,414
GCACAG,2991,1570
GCACAT,1947,504
GCACCA,1484,278
GCACCC,951,209
GCACCG,1702,387
GCACCT,1282,227
GCACGA,2239,863
GCACGC,1845,572
GCACGG,5421,2478
GCACGT,2273,700
GCACTA,1900,539
GCACTC,1129,362
GCACTG,2433,1246
GCACTT,1888,526
GCAGAA,3153,1131
GCAGAC,2221,796
GCAGAG,5159,3739
GCAGAT,2834,841
GCAGCA,2352,613
GCAGCC,1363,485
GCAGCG,4122,1132
GCAGCT,2157,1928
GCAGGA,6396,1682
GCAGGC,4730,1506
GCAGGG,19497,11832
GCAGGT,5769,1431
GCAGTA,3445,900
GCAGTC,2112,500
GCAGTG,5909,2786
GCAGTT,3156,890
GCATAA,3257,1008
GCATAC,1644,631
GCATAG,3226,1380
GCATAT,2756,644
GCATCA,1923,369
GCATCC,1218,253
GCATCG,2045,440
GCATCT,1819,331
GCATGA,3675,1038
GCATGC,2688,659
GCATGG,6837,4329
GCATGT,4079,837
GCATTA,3232,816
GCATTC,2026,483
GCATTG,3682,1556
GCATTT,3357,611
GCCAAA,1962,849
GCCAAC,733,329
GCCAAG,2312,975
GCCAAT,1303,456
GCCACA,638,187
GCCACC,516,150
GCCACG,1461,406
GCCACT,643,185
GCCAGA,1613,1216
GCCAGC,1069,519
GCCAGG,3777,2603
GCCAGT,1600,681
GCCATA,1565,551
GCCATC,603,271
GCCATG,2141,966
GCCATT,1259,417
GCCCAA,1176,338
GCCCAC,712,240
GCCCAG,1662,766
GCCCAT,906,221
GCCCCA,619,144
GCCCCC,546,151
GCCCCG,1324,367
GCCCCT,694,159
GCCCGA,1658,679
GCCCGC,1326,409
GCCCGG,4160,1757
GCCCGT,1442,416
GCCCTA,750,264
GCCCTC,557,165
GCCCTG,1388,642
GCCCTT,988,228
GCCGAA,2106,796
GCCGAC,949,398
GCCGAG,3037,1980
GCCGAT,1146,408
GCCGCA,1091,343
GCCGCC,898,287
GCCGCG,2978,916
GCCGCT,827,282
GCCGGA,3235,2105
GCCGGC,2079,1062
GCCGGG,11982,7359
GCCGGT,2981,1018
GCCGTA,2170,649
GCCGTC,1034,307
GCCGTG,3107,2402
GCCGTT,1565,393
GCCTAA,2096,791
GCCTAC,896,423
GCCTAG,2064,962
GCCTAT,1745,536
GCCTCA,874,209
GCCTCC,576,130
GCCTCG,1337,314
GCCTCT,795,176
GCCTGA,1915,813
GCCTGC,1344,515
GCCTGG,3715,2189
GCCTGT,1808,514
GCCTTA,1843,559
GCCTTC,901,329
GCCTTG,1840,937
GCCTTT,1628,461
GCGAAA,4188,1617
GCGAAC,2575,945
GCGAAG,6212,2694
GCGAAT,3452,957
GCGACA,2449,593
GCGACC,1721,410
GCGACG,4299,1320
GCGACT,2133,619
GCGAGA,5998,3283
GCGAGC,3925,2541
GCGAGG,17795,13840
GCGAGT,5081,1905
GCGATA,3223,991
GCGATC,2034,685
GCGATG,5531,2753
GCGATT,2976,771
GCGCAA,2813,1011
GCGCAC,1817,517
GCGCAG,5357,2710
GCGCAT,2538,651
GCGCCA,1716,465
GCGCCC,1157,257
GCGCCG,3578,883
GCGCCT,1348,293
GCGCGA,4288,1505
GCGCGC,3060,998
GCGCGG,17074,7713
GCGCGT,3966,1198
GCGCTA,2014,1423
GCGCTC,1366,529
GCGCTG,3691,2216
GCGCTT,1942,600
GCGGAA,6997,2693
GCGGAC,4369,1648
GCGGAG,17330,12062
GCGGAT,5669,1770
GCGGCA,4562,1339
GCGGCC,3124,2221
GCGGCG,15153,5242
GCGGCT,3503,2078
GCGGGA,20005,10767
GCGGGC,14091,6546
GCGGGG,93472,98478
GCGGGT,16161,6437
GCGGTA,6472,2018
GCGGTC,3944,1394
GCGGTG,16467,13104
GCGGTT,5335,1443
GCGTAA,4244,1437
GCGTAC,2424,800
GCGTAG,6432,2614
GCGTAT,3730,886
GCGTCA,2447,449
GCGTCC,1758,292
GCGTCG,4195,1000
GCGTCT,2197,467
GCGTGA,6333,2353
GCGTGC,4343,1433
GCGTGG,16603,16012
GCGTGT,5602,1699
GCGTTA,3625,1154
GCGTTC,2128,670
GCGTTG,5767,3159
GCGTTT,3381,840
GCTAAA,3303,1211
GCTAAC,1712,645
GCTAAG,3337,1376
GCTAAT,2683,762
GCTACA,1378,594
GCTACC,966,389
GCTACG,3282,1584
GCTACT,1314,534
GCTAGA,2414,1639
GCTAGC,1711,783
GCTAGG,4866,2499
GCTAGT,2389,947
GCTATA,2887,1001
GCTATC,1629,556
GCTATG,3223,1579
GCTATT,2607,865
GCTCAA,1770,627
GCTCAC,1241,373
GCTCAG,2217,1209
GCTCAT,1657,436
GCTCCA,1177,235
GCTCCC,770,181
GCTCCG,1347,371
GCTCCT,1104,217
GCTCGA,2079,817
GCTCGC,1445,446
GCTCGG,3728,1602
GCTCGT,1968,553
GCTCTA,1438,488
GCTCTC,1071,312
GCTCTG,1919,894
GCTCTT,1662,416
GCTGAA,2694,1195
GCTGAC,1582,741
GCTGAG,3779,3020
GCTGAT,2426,846
GCTGCA,1423,442
GCTGCC,1022,351
GCTGCG,3068,1047
GCTGCT,1486,583
GCTGGA,3996,2619
GCTGGC,3065,1501
GCTGGG,11977,7843
GCTGGT,4096,1768
GCTGTA,3104,898
GCTGTC,1669,515
GCTGTG,4131,2629
GCTGTT,2795,621
GCTTAA,3440,1755
GCTTAC,1707,668
GCTTAG,3222,1551
GCTTAT,2932,1180
GCTTCA,1602,342
GCTTCC,1186,229
GCTTCG,1794,426
GCTTCT,1680,353
GCTTGA,2989,1114
GCTTGC,1867,592
GCTTGG,4833,2719
GCTTGT,2800,771
GCTTTA,3050,960
GCTTTC,1810,550
GCTTTG,3107,1386
GCTTTT,3058,807
GGAAAA,11367,5131
GGAAAC,5172,2071
GGAAAG,23098,10789
GGAAAT,7338,2473
GGAACA,5080,1483
GGAACC,3237,1068
GGAACG,9806,2939
GGAACT,4236,1137
GGAAGA,17622,6493
GGAAGC,8067,2833
GGAAGG,61881,32726
GGAAGT,10798,2734
GGAATA,7046,2403
GGAATC,4165,1618
GGAATG,13925,7696
GGAATT,6369,1912
GGACAA,5634,2207
GGACAC,3512,1361
GGACAG,9815,4265
GGACAT,4955,1410
GGACCA,3521,924
GGACCC,2177,667
GGACCG,6620,1817
GGACCT,3079,724
GGACGA,8416,2531
GGACGC,5928,1918
GGACGG,29309,17142
GGACGT,7578,2088
GGACTA,4321,1441
GGACTC,2988,954
GGACTG,7909,4601
GGACTT,4280,1681
GGAGAA,16466,6079
GGAGAC,7578,2943
GGAGAG,48921,20407
GGAGAT,9840,2568
GGAGCA,7315,2384
GGAGCC,4489,1587
GGAGCG,23491,8166
GGAGCT,5421,6016
GGAGGA,46431,19110
GGAGGC,20023,6683
GGAGGG,235441,142189
GGAGGT,24065,8253
GGAGTA,10034,2468
GGAGTC,5980,1417
GGAGTG,29637,17672
GGAGTT,8404,3153
GGATAA,8122,2701
GGATAC,4408,1805
GGATAG,11787,4337
GGATAT,7009,1934
GGATCA,4541,985
GGATCC,2786,724
GGATCG,7999,1862
GGATCT,4080,980
GGATGA,11234,3939
GGATGC,7031,2240
GGATGG,26011,26972
GGATGT,9585,2880
GGATTA,7219,2129
GGATTC,4873,1762
GGATTG,12126,6137
GGATTT,6993,1638
GGCAAA,5099,2817
GGCAAC,2895,1654
GGCAAG,9220,4830
GGCAAT,4113,1925
GGCACA,3121,1167
GGCACC,1802,756
GGCACG,6032,2500
GGCACT,2450,864
GGCAGA,7130,3457
GGCAGC,4722,2384
GGCAGG,26564,14895
GGCAGT,6250,2299
GGCATA,4183,1853
GGCATC,2422,1088
GGCATG,8093,4311
GGCATT,3701,1369
GGCCAA,2792,1438
GGCCAC,1717,886
GGCCAG,4197,4551
GGCCAT,2431,997
GGCCCA,1685,503
GGCCCC,1092,358
GGCCCG,4046,1354
GGCCCT,1271,343
GGCCGA,4497,2015
GGCCGC,3231,1439
GGCCGG,16099,14075
GGCCGT,3974,1424
GGCCTA,2557,1096
GGCCTC,1468,602
GGCCTG,4404,2559
GGCCTT,2143,792
GGCGAA,6370,4312
GGCGAC,4126,2909
GGCGAG,18663,12171
GGCGAT,5120,3367
GGCGCA,4397,2226
GGCGCC,2826,1437
GGCGCG,15887,6927
GGCGCT,3344,1622
GGCGGA,18885,9487
GGCGGC,13043,6419
GGCGGG,114188,75957
GGCGGT,15604,6391
GGCGTA,5942,3037
GGCGTC,3454,1695
GGCGTG,18165,13415
GGCGTT,4480,2242
GGCTAA,3890,3704
GGCTAC,4754,3886
GGCTAG,6415,5387
GGCTAT,4139,4440
GGCTCA,2423,1261
GGCTCC,1504,973
GGCTCG,4458,1858
GGCTCT,1984,1065
GGCTGA,5021,3819
GGCTGC,4189,3742
GGCTGG,17215,15635
GGCTGT,5047,3661
GGCTTA,3450,1987
GGCTTC,2001,1351
GGCTTG,5733,3574
GGCTTT,3154,1745
GGGAAA,18167,10351
GGGAAC,7117,4062
GGGAAG,51698,31314
GGGAAT,9497,4490
GGGACA,7908,2922
GGGACC,4854,2189
GGGACG,24306,9155
GGGACT,5707,2104
GGGAGA,42184,19982
GGGAGC,18655,8973
GGGAGG,227375,180149
GGGAGT,22885,8188
GGGATA,9813,4270
GGGATC,5319,2703
GGGATG,27563,25573
GGGATT,7810,2997
GGGCAA,9159,4374
GGGCAC,5625,2492
GGGCAG,26221,12918
GGGCAT,7425,2451
GGGCCA,6020,2527
GGGCCC,3629,1277
GGGCCG,19534,7176
GGGCCT,4553,1397
GGGCGA,22719,9569
GGGCGC,15773,5966
GGGCGG,128714,102542
GGGCGT,17379,6193
GGGCTA,6622,3653
GGGCTC,4049,1803
GGGCTG,18899,13623
GGGCTT,5887,2058
GGGGAA,41497,25222
GGGGAC,15743,9487
GGGGAG,181637,142184
GGGGAT,20423,11414
GGGGCA,16534,8498
GGGGCC,12546,6271
GGGGCG,92111,55581
GGGGCT,11755,5807
GGGGGA,173422,122981
GGGGGC,73530,50626
GGGGGG,1277126,1372068
GGGGGT,81339,55738
GGGGTA,22202,13787
GGGGTC,13048,6158
GGGGTG,91118,119684
GGGGTT,16047,7161
GGGTAA,12295,7905
GGGTAC,7122,3927
GGGTAG,26070,17726
GGGTAT,10914,4342
GGGTCA,7335,2217
GGGTCC,4537,1268
GGGTCG,19876,7205
GGGTCT,5750,1576
GGGTGA,25048,16939
GGGTGC,16165,9226
GGGTGG,94938,133409
GGGTGT,21312,11250
GGGTTA,10263,3964
GGGTTC,5833,2137
GGGTTG,22993,22673
GGGTTT,8682,2579
GGTAAA,8500,3363
GGTAAC,4618,1764
GGTAAG,13585,5601
GGTAAT,6921,2159
GGTACA,4847,1312
GGTACC,2844,804
GGTACG,8689,2594
GGTACT,4132,901
GGTAGA,10570,3384
GGTAGC,6693,2226
GGTAGG,32782,14816
GGTAGT,9632,2508
GGTATA,7188,2153
GGTATC,3963,1312
GGTATG,13225,6189
GGTATT,6391,1558
GGTCAA,4340,1801
GGTCAC,2272,833
GGTCAG,6071,5732
GGTCAT,3585,1130
GGTCCA,2747,558
GGTCCC,1506,325
GGTCCG,5183,1247
GGTCCT,2264,464
GGTCGA,6573,2044
GGTCGC,4101,1251
GGTCGG,20323,11048
GGTCGT,5882,1601
GGTCTA,3719,1524
GGTCTC,2199,741
GGTCTG,6450,3131
GGTCTT,3827,1106
GGTGAA,7463,3054
GGTGAC,4236,1916
GGTGAG,19048,8745
GGTGAT,6355,3112
GGTGCA,5730,1780
GGTGCC,3261,992
GGTGCG,14439,5288
GGTGCT,4393,1689
GGTGGA,21723,12644
GGTGGC,13841,7746
GGTGGG,99866,72159
GGTGGT,17766,10170
GGTGTA,7997,2475
GGTGTC,4549,1292
GGTGTG,22374,15092
GGTGTT,6085,1782
GGTTAA,6784,3164
GGTTAC,4128,3215
GGTTAG,9108,6077
GGTTAT,6159,3575
GGTTCA,3861,833
GGTTCC,2145,548
GGTTCG,7220,1697
GGTTCT,3478,826
GGTTGA,9604,4202
GGTTGC,5713,2579
GGTTGG,23542,23756
GGTTGT,8894,3296
GGTTTA,6584,1887
GGTTTC,3489,1045
GGTTTG,11268,5442
GGTTTT,6430,1614
GTAAAA,5613,2046
GTAAAC,3262,1164
GTAAAG,6307,2497
GTAAAT,5098,1366
GTAACA,3288,651
GTAACC,2201,514
GTAACG,4247,1045
GTAACT,3312,778
GTAAGA,5544,1806
GTAAGC,3606,1154
GTAAGG,10055,4786
GTAAGT,5333,1230
GTAATA,4940,1239
GTAATC,3075,886
GTAATG,6225,2659
GTAATT,4976,1124
GTACAA,3202,1010
GTACAC,1952,556
GTACAG,4015,2252
GTACAT,3078,731
GTACCA,2166,359
GTACCC,1223,296
GTACCG,2648,526
GTACCT,1994,427
GTACGA,3660,1057
GTACGC,2614,675
GTACGG,7149,3308
GTACGT,3630,989
GTACTA,3171,1048
GTACTC,1956,660
GTACTG,4051,2298
GTACTT,3660,1202
GTAGAA,5315,1582
GTAGAC,3522,3822
GTAGAG,8887,4834
GTAGAT,5703,2303
GTAGCA,3694,1396
GTAGCC,1827,749
GTAGCG,6652,2665
GTAGCT,3315,3890
GTAGGA,8797,2443
GTAGGC,6339,2965
GTAGGG,26063,15099
GTAGGT,8652,2273
GTAGTA,5205,1160
GTAGTC,3346,953
GTAGTG,10799,4522
GTAGTT,5752,3165
GTATAA,6128,1721
GTATAC,3294,1058
GTATAG,6258,2387
GTATAT,5040,1107
GTATCA,3250,541
GTATCC,2030,385
GTATCG,4097,779
GTATCT,3281,541
GTATGA,5828,1441
GTATGC,3901,993
GTATGG,9162,5816
GTATGT,6253,1248
GTATTA,5148,1307
GTATTC,3338,900
GTATTG,6826,2316
GTATTT,5592,1178
GTCAAA,3440,1388
GTCAAC,1736,683
GTCAAG,3576,1482
GTCAAT,2536,783
GTCACA,1172,325
GTCACC,1115,334
GTCACG,2299,642
GTCACT,1421,354
GTCAGA,2684,2227
GTCAGC,1713,971
GTCAGG,5095,3523
GTCAGT,2707,1106
GTCATA,2600,860
GTCATC,1405,515
GTCATG,3406,1611
GTCATT,2954,861
GTCCAA,1840,599
GTCCAC,1196,357
GTCCAG,2649,2055
GTCCAT,1812,425
GTCCCA,1128,197
GTCCCC,832,173
GTCCCG,1689,342
GTCCCT,1127,226
GTCCGA,2237,848
GTCCGC,1583,510
GTCCGG,4616,1897
GTCCGT,2224,659
GTCCTA,1701,514
GTCCTC,1179,333
GTCCTG,1905,939
GTCCTT,1705,416
GTCGAA,3349,1163
GTCGAC,1918,683
GTCGAG,4421,2607
GTCGAT,2372,668
GTCGCA,1808,413
GTCGCC,1317,352
GTCGCG,3686,966
GTCGCT,1646,607
GTCGGA,4730,2783
GTCGGC,3806,1485
GTCGGG,15602,8487
GTCGGT,5208,1591
GTCGTA,3227,850
GTCGTC,1923,595
GTCGTG,4865,3041
GTCGTT,2824,671
GTCTAA,3838,1362
GTCTAC,1883,861
GTCTAG,3688,1697
GTCTAT,3159,933
GTCTCA,1697,361
GTCTCC,1267,273
GTCTCG,2179,490
GTCTCT,1767,350
GTCTGA,3463,1381
GTCTGC,2249,781
GTCTGG,4883,3042
GTCTGT,3483,919
GTCTTA,3087,1025
GTCTTC,2069,609
GTCTTG,3540,1583
GTCTTT,3440,866
GTGAAA,6595,2616
GTGAAC,3770,1439
GTGAAG,9844,3785
GTGAAT,5696,1541
GTGACA,4115,1063
GTGACC,2270,602
GTGACG,6012,1876
GTGACT,3390,1490
GTGAGA,8407,4104
GTGAGC,5688,5555
GTGAGG,25888,15736
GTGAGT,7460,3855
GTGATA,5338,1688
GTGATC,3154,1142
GTGATG,8622,4808
GTGATT,4858,1391
GTGCAA,4223,1634
GTGCAC,2418,829
GTGCAG,6912,3280
GTGCAT,3879,1071
GTGCCA,2530,725
GTGCCC,1509,345
GTGCCG,4410,1077
GTGCCT,1983,538
GTGCGA,5992,2379
GTGCGC,3870,1443
GTGCGG,19800,8272
GTGCGT,5649,1794
GTGCTA,3433,3418
GTGCTC,1823,1063
GTGCTG,5648,3759
GTGCTT,3073,1509
GTGGAA,8992,4027
GTGGAC,5779,2641
GTGGAG,21278,11969
GTGGAT,7919,3103
GTGGCA,3845,1663
GTGGCC,2941,1711
GTGGCG,9872,4826
GTGGCT,2706,2728
GTGGGA,22281,14127
GTGGGC,14675,8142
GTGGGG,101432,110882
GTGGGT,18920,9440
GTGGTA,7179,3450
GTGGTC,4539,2003
GTGGTG,21909,19727
GTGGTT,6630,3013
GTGTAA,6862,2313
GTGTAC,4020,1309
GTGTAG,9874,4335
GTGTAT,6264,1433
GTGTCA,3883,672
GTGTCC,2362,424
GTGTCG,6498,1601
GTGTCT,3677,1298
GTGTGA,9908,3977
GTGTGC,4534,2006
GTGTGG,22183,20620
GTGTGT,8548,2905
GTGTTA,6165,1890
GTGTTC,3643,1034
GTGTTG,10099,6310
GTGTTT,6089,1316
GTTAAA,5053,1562
GTTAAC,2980,939
GTTAAG,5797,2164
GTTAAT,4398,1030
GTTACA,3004,704
GTTACC,1850,471
GTTACG,3536,1214
GTTACT,3018,754
GTTAGA,4098,2728
GTTAGC,2811,1473
GTTAGG,7427,3475
GTTAGT,4193,1625
GTTATA,4510,1205
GTTATC,2563,748
GTTATG,6219,2247
GTTATT,4803,1052
GTTCAA,2702,979
GTTCAC,1643,469
GTTCAG,3548,2429
GTTCAT,2653,626
GTTCCA,1909,346
GTTCCC,1160,226
GTTCCG,2221,419
GTTCCT,1884,329
GTTCGA,3240,1086
GTTCGC,2025,534
GTTCGG,5801,2229
GTTCGT,3209,702
GTTCTA,3204,865
GTTCTC,1778,499
GTTCTG,3346,1418
GTTCTT,3426,778
GTTGAA,5066,1427
GTTGAC,2942,1091
GTTGAG,7538,3851
GTTGAT,4905,1219
GTTGCA,3042,807
GTTGCC,1826,491
GTTGCG,4741,1470
GTTGCT,2786,2266
GTTGGA,7507,3980
GTTGGC,4559,2412
GTTGGG,18462,11875
GTTGGT,7224,4120
GTTGTA,4896,1177
GTTGTC,3059,770
GTTGTG,8627,4218
GTTGTT,5087,1206
GTTTAA,5906,2049
GTTTAC,2943,939
GTTTAG,6355,4417
GTTTAT,4856,1185
GTTTCA,2894,545
GTTTCC,2015,339
GTTTCG,3579,618
GTTTCT,2968,503
GTTTGA,5294,1488
GTTTGC,3345,862
GTTTGG,8066,4981
GTTTGT,5413,1160
GTTTTA,4921,1137
GTTTTC,3094,748
GTTTTG,6184,2193
GTTTTT,5206,1027
TAAAAA,4012,1462
TAAAAC,2940,1056
TAAAAG,4517,1563
TAAAAT,3743,1019
TAAACA,2799,626
TAAACC,1854,484
TAAACG,3122,667
TAAACT,2942,863
TAAAGA,3612,1081
TAAAGC,3037,1164
TAAAGG,5658,2213
TAAAGT,3767,841
TAAATA,3537,1039
TAAATC,2547,827
TAAATG,5466,1763
TAAATT,3817,1009
TAACAA,2686,1052
TAACAC,1763,665
TAACAG,2997,1067
TAACAT,2738,803
TAACCA,1983,444
TAACCC,1261,319
TAACCG,2057,412
TAACCT,1951,500
TAACGA,2819,956
TAACGC,1925,688
TAACGG,3714,1593
TAACGT,3135,760
TAACTA,3175,1478
TAACTC,1866,827
TAACTG,3792,2984
TAACTT,3733,1469
TAAGAA,3597,1005
TAAGAC,3184,1320
TAAGAG,4762,2138
TAAGAT,3735,1013
TAAGCA,2781,952
TAAGCC,1682,911
TAAGCG,3422,1140
TAAGCT,2488,3055
TAAGGA,5366,1769
TAAGGC,3905,2234
TAAGGG,10156,5684
TAAGGT,5854,2024
TAAGTA,3696,897
TAAGTC,2966,783
TAAGTG,6972,2387
TAAGTT,4089,1720
TAATAA,3532,1141
TAATAC,2794,927
TAATAG,4022,1706
TAATAT,3197,834
TAATCA,2827,513
TAATCC,1632,358
TAATCG,2855,454
TAATCT,2526,543
TAATGA,4261,1048
TAATGC,2920,860
TAATGG,5606,2803
TAATGT,5005,960
TAATTA,4071,1010
TAATTC,2624,736
TAATTG,5159,1703
TAATTT,4130,995
TACAAA,2539,904
TACAAC,1891,746
TACAAG,2667,997
TACAAT,2362,641
TACACA,1596,392
TACACC,1075,275
TACACG,1777,389
TACACT,1568,469
TACAGA,2706,1241
TACAGC,1740,795
TACAGG,3073,1144
TACAGT,2530,633
TACATA,2431,705
TACATC,1518,443
TACATG,3355,1036
TACATT,2696,548
TACCAA,1747,631
TACCAC,1123,358
TACCAG,1967,1213
TACCAT,1785,468
TACCCA,1129,253
TACCCC,806,176
TACCCG,1285,219
TACCCT,1075,256
TACCGA,1774,559
TACCGC,1157,396
TACCGG,2387,920
TACCGT,1777,475
TACCTA,1929,738
TACCTC,1135,400
TACCTG,2015,835
TACCTT,2115,537
TACGAA,2562,943
TACGAC,1803,824
TACGAG,2918,2069
TACGAT,2505,769
TACGCA,1580,461
TACGCC,1174,464
TACGCG,2073,551
TACGCT,1508,1773
TACGGA,3184,1093
TACGGC,2085,949
TACGGG,5949,3594
TACGGT,3430,853
TACGTA,3589,930
TACGTC,1698,501
TACGTG,3988,1602
TACGTT,2719,762
TACTAA,2852,1404
TACTAC,1845,1145
TACTAG,2957,1539
TACTAT,2896,1215
TACTCA,1604,482
TACTCC,1014,279
TACTCG,1844,380
TACTCT,1697,486
TACTGA,2698,2961
TACTGC,1406,1142
TACTGG,3665,2209
TACTGT,2716,1683
TACTTA,4465,2345
TACTTC,1869,723
TACTTG,3438,1582
TACTTT,3669,1261
TAGAAA,4042,1677
TAGAAC,2815,1308
TAGAAG,4346,1867
TAGAAT,3897,1500
TAGACA,3137,1277
TAGACC,1745,744
TAGACG,3386,1681
TAGACT,3229,1697
TAGAGA,4160,2445
TAGAGC,2671,3103
TAGAGG,10008,7721
TAGAGT,4152,2575
TAGATA,4666,1735
TAGATC,2792,1139
TAGATG,5521,2439
TAGATT,5419,1889
TAGCAA,3408,2901
TAGCAC,1800,1526
TAGCAG,3946,2795
TAGCAT,3439,2112
TAGCCA,1594,895
TAGCCC,979,548
TAGCCG,2202,1064
TAGCCT,1438,881
TAGCGA,3709,3927
TAGCGC,2480,2012
TAGCGG,7435,4013
TAGCGT,3735,2655
TAGCTA,2927,3729
TAGCTC,1721,2066
TAGCTG,3702,4339
TAGCTT,3378,3408
TAGGAA,5379,1893
TAGGAC,3553,1381
TAGGAG,8464,3603
TAGGAT,5253,1513
TAGGCA,4050,1548
TAGGCC,2370,2099
TAGGCG,6186,2351
TAGGCT,3543,2005
TAGGGA,9004,5239
TAGGGC,5797,3004
TAGGGG,23245,26133
TAGGGT,9101,4002
TAGGTA,5816,1716
TAGGTC,3620,2563
TAGGTG,10039,4902
TAGGTT,5513,1568
TAGTAA,4549,2184
TAGTAC,2967,1298
TAGTAG,5959,3003
TAGTAT,4285,1524
TAGTCA,3168,925
TAGTCC,2325,822
TAGTCG,3555,968
TAGTCT,3138,2522
TAGTGA,5247,2993
TAGTGC,3492,1535
TAGTGG,9492,6149
TAGTGT,5719,1966
TAGTTA,5363,5219
TAGTTC,2922,1653
TAGTTG,6728,3140
TAGTTT,4802,2234
TATAAA,3526,1170
TATAAC,2524,774
TATAAG,4104,1316
TATAAT,3226,714
TATACA,2376,454
TATACC,1690,366
TATACG,2533,522
TATACT,2500,599
TATAGA,3685,1122
TATAGC,2869,1093
TATAGG,4354,1499
TATAGT,3557,840
TATATA,3219,779
TATATC,2200,615
TATATG,4538,1263
TATATT,3489,769
TATCAA,2387,667
TATCAC,1596,368
TATCAG,2427,890
TATCAT,2328,481
TATCCA,1788,329
TATCCC,1250,389
TATCCG,2015,252
TATCCT,1858,332
TATCGA,2434,532
TATCGC,1665,386
TATCGG,3089,925
TATCGT,2475,457
TATCTA,2748,883
TATCTC,1469,432
TATCTG,2932,1270
TATCTT,3220,815
TATGAA,3685,974
TATGAC,2873,1091
TATGAG,5058,2964
TATGAT,3932,868
TATGCA,2502,510
TATGCC,1789,751
TATGCG,3031,692
TATGCT,2302,2671
TATGGA,4661,1148
TATGGC,4181,1402
TATGGG,7733,3698
TATGGT,4811,1208
TATGTA,4006,811
TATGTC,2778,577
TATGTG,6177,2040
TATGTT,4984,1210
TATTAA,3581,1087
TATTAC,2583,818
TATTAG,4823,3538
TATTAT,3157,800
TATTCA,2340,464
TATTCC,1639,308
TATTCG,2739,445
TATTCT,2549,475
TATTGA,3857,1245
TATTGC,2562,679
TATTGG,4879,2321
TATTGT,3965,877
TATTTA,4444,1252
TATTTC,2359,645
TATTTG,4688,1380
TATTTT,4059,941
TCAAAA,3097,1000
TCAAAC,1600,575
TCAAAG,3158,1209
TCAAAT,2386,567
TCAACA,1793,492
TCAACC,1308,387
TCAACG,2085,566
TCAACT,1942,828
TCAAGA,2675,824
TCAAGC,1624,623
TCAAGG,3429,1708
TCAAGT,2502,584
TCAATA,2373,660
TCAATC,1656,491
TCAATG,3607,1239
TCAATT,2443,587
TCACAA,1485,492
TCACAC,1063,336
TCACAG,1820,599
TCACAT,1334,311
TCACCA,1206,251
TCACCC,757,156
TCACCG,1245,221
TCACCT,1242,263
TCACGA,1749,500
TCACGC,1260,334
TCACGG,2223,1034
TCACGT,1906,414
TCACTA,1936,631
TCACTC,1147,374
TCACTG,2289,1262
TCACTT,2315,651
TCAGAA,2604,1204
TCAGAC,1816,723
TCAGAG,2791,2715
TCAGAT,2433,1019
TCAGCA,1951,553
TCAGCC,1220,411
TCAGCG,2340,807
TCAGCT,1495,1631
TCAGGA,3490,1226
TCAGGC,2722,912
TCAGGG,6417,4668
TCAGGT,3460,921
TCAGTA,2870,944
TCAGTC,1780,518
TCAGTG,4204,1821
TCAGTT,2430,738
TCATAA,2648,796
TCATAC,1720,482
TCATAG,2905,1220
TCATAT,2076,503
TCATCA,1337,265
TCATCC,1329,218
TCATCG,1855,296
TCATCT,1621,310
TCATGA,3106,808
TCATGC,1778,530
TCATGG,3534,1770
TCATGT,3465,749
TCATTA,2836,669
TCATTC,1867,534
TCATTG,3359,1224
TCATTT,3112,722
TCCAAA,1925,681
TCCAAC,1215,430
TCCAAG,1786,740
TCCAAT,1641,449
TCCACA,990,223
TCCACC,805,217
TCCACG,1235,288
TCCACT,1045,254
TCCAGA,1859,1184
TCCAGC,1232,548
TCCAGG,2354,1250
TCCAGT,1806,667
TCCATA,1721,551
TCCATC,1183,323
TCCATG,2018,860
TCCATT,1932,415
TCCCAA,1039,310
TCCCAC,729,185
TCCCAG,1281,617
TCCCAT,1098,262
TCCCCA,778,145
TCCCCC,546,111
TCCCCG,929,182
TCCCCT,691,172
TCCCGA,1241,398
TCCCGC,794,213
TCCCGG,1783,653
TCCCGT,1319,332
TCCCTA,1165,312
TCCCTC,741,234
TCCCTG,1347,497
TCCCTT,1319,277
TCCGAA,1827,570
TCCGAC,1161,397
TCCGAG,2035,1334
TCCGAT,1659,390
TCCGCA,1121,274
TCCGCC,789,297
TCCGCG,1483,346
TCCGCT,947,785
TCCGGA,2133,1118
TCCGGC,1490,499
TCCGGG,4201,2438
TCCGGT,2154,533
TCCGTA,1888,457
TCCGTC,1184,315
TCCGTG,2271,1238
TCCGTT,1910,390
TCCTAA,1979,689
TCCTAC,1212,575
TCCTAG,1910,803
TCCTAT,1841,523
TCCTCA,980,184
TCCTCC,756,142
TCCTCG,1176,221
TCCTCT,968,215
TCCTGA,1841,722
TCCTGC,1170,395
TCCTGG,2108,1013
TCCTGT,1920,490
TCCTTA,2183,563
TCCTTC,1165,331
TCCTTG,1911,904
TCCTTT,1946,487
TCGAAA,2925,1051
TCGAAC,1888,706
TCGAAG,3112,1285
TCGAAT,2605,657
TCGACA,1792,464
TCGACC,1104,339
TCGACG,2031,596
TCGACT,1969,848
TCGAGA,2995,1710
TCGAGC,2066,2286
TCGAGG,5857,5294
TCGAGT,2969,1867
TCGATA,2423,660
TCGATC,1713,543
TCGATG,3259,1261
TCGATT,2572,694
TCGCAA,1666,643
TCGCAC,1180,413
TCGCAG,2265,901
TCGCAT,1658,483
TCGCCA,1266,428
TCGCCC,942,223
TCGCCG,1625,452
TCGCCT,1257,321
TCGCGA,2026,866
TCGCGC,1492,526
TCGCGG,4125,1679
TCGCGT,2006,601
TCGCTA,1599,1829
TCGCTC,1096,634
TCGCTG,2125,1463
TCGCTT,2050,949
TCGGAA,3760,1344
TCGGAC,2353,795
TCGGAG,5503,4426
TCGGAT,3561,1006
TCGGCA,2295,686
TCGGCC,1563,1070
TCGGCG,4178,1317
TCGGCT,2209,1540
TCGGGA,6231,3042
TCGGGC,4104,1938
TCGGGG,16259,16435
TCGGGT,5808,2017
TCGGTA,3907,923
TCGGTC,2224,851
TCGGTG,6168,3104
TCGGTT,3451,825
TCGTAA,3122,897
TCGTAC,1938,558
TCGTAG,3557,1504
TCGTAT,2560,556
TCGTCA,1737,342
TCGTCC,1431,251
TCGTCG,2186,403
TCGTCT,1748,488
TCGTGA,3540,1000
TCGTGC,2261,748
TCGTGG,5046,3595
TCGTGT,3522,854
TCGTTA,2966,963
TCGTTC,1882,595
TCGTTG,3592,1376
TCGTTT,2794,650
TCTAAA,3109,946
TCTAAC,1907,641
TCTAAG,2682,1007
TCTAAT,2531,666
TCTACA,1689,482
TCTACC,1129,275
TCTACG,1914,572
TCTACT,1623,432
TCTAGA,2809,1101
TCTAGC,1879,765
TCTAGG,2972,1078
TCTAGT,2466,645
TCTATA,2541,749
TCTATC,1639,451
TCTATG,3209,904
TCTATT,2678,629
TCTCAA,974,329
TCTCAC,1068,247
TCTCAG,1428,592
TCTCAT,954,242
TCTCCA,1105,187
TCTCCC,808,131
TCTCCG,1130,207
TCTCCT,1119,232
TCTCGA,1624,369
TCTCGC,1192,268
TCTCGG,1975,747
TCTCGT,1647,351
TCTCTA,1650,485
TCTCTC,1107,308
TCTCTG,1827,732
TCTCTT,1963,435
TCTGAA,2658,1387
TCTGAC,1680,990
TCTGAG,2760,3155
TCTGAT,2534,1043
TCTGCA,1534,479
TCTGCC,1070,368
TCTGCG,1943,531
TCTGCT,1474,1518
TCTGGA,3097,1116
TCTGGC,2649,1018
TCTGGG,5003,3064
TCTGGT,3093,838
TCTGTA,2762,751
TCTGTC,1686,467
TCTGTG,3611,1327
TCTGTT,2865,651
TCTTAA,3730,1615
TCTTAC,1890,651
TCTTAG,3405,1823
TCTTAT,2291,894
TCTTCA,1644,301
TCTTCC,1189,209
TCTTCG,1781,299
TCTTCT,1517,324
TCTTGA,2913,896
TCTTGC,1740,500
TCTTGG,3125,1482
TCTTGT,2750,644
TCTTTA,3058,949
TCTTTC,1868,528
TCTTTG,3291,1119
TCTTTT,3109,780
TGAAAA,4586,1769
TGAAAC,3006,1249
TGAAAG,5514,2241
TGAAAT,4323,1295
TGAACA,2845,735
TGAACC,1880,500
TGAACG,3813,983
TGAACT,3579,3108
TGAAGA,4851,1666
TGAAGC,3483,1861
TGAAGG,8957,3806
TGAAGT,4766,1378
TGAATA,4178,1358
TGAATC,2620,952
TGAATG,6696,2319
TGAATT,4498,1524
TGACAA,2986,1406
TGACAC,1914,734
TGACAG,3683,1836
TGACAT,3344,1107
TGACCA,1716,585
TGACCC,1083,597
TGACCG,2249,681
TGACCT,1902,1234
TGACGA,3027,1460
TGACGC,2150,947
TGACGG,5842,3148
TGACGT,3440,1227
TGACTA,3130,1730
TGACTC,2020,978
TGACTG,3806,2600
TGACTT,3726,2284
TGAGAA,4973,4025
TGAGAC,3086,2317
TGAGAG,8993,5762
TGAGAT,5261,4185
TGAGCA,3461,4445
TGAGCC,2196,2104
TGAGCG,5707,6375
TGAGCT,2981,4133
TGAGGA,8415,3711
TGAGGC,5338,2516
TGAGGG,23970,20402
TGAGGT,9065,4036
TGAGTA,5316,4817
TGAGTC,3272,3001
TGAGTG,6851,5361
TGAGTT,5960,7108
TGATAA,4746,1520
TGATAC,3109,1180
TGATAG,4867,2467
TGATAT,4476,1342
TGATCA,2851,651
TGATCC,1972,456
TGATCG,3231,795
TGATCT,3476,2936
TGATGA,3866,1635
TGATGC,2855,1490
TGATGG,7215,4612
TGATGT,4331,1904
TGATTA,4836,1415
TGATTC,2930,933
TGATTG,6240,2191
TGATTT,5366,2193
TGCAAA,3383,1649
TGCAAC,1965,1043
TGCAAG,4048,1914
TGCAAT,2952,1123
TGCACA,2110,595
TGCACC,1206,323
TGCACG,2732,896
TGCACT,1666,558
TGCAGA,3413,1446
TGCAGC,2308,1301
TGCAGG,6535,3143
TGCAGT,3449,1143
TGCATA,3156,1237
TGCATC,1879,707
TGCATG,4334,1830
TGCATT,2954,942
TGCCAA,1895,1043
TGCCAC,1201,580
TGCCAG,2323,2376
TGCCAT,1994,829
TGCCCA,1183,342
TGCCCC,789,233
TGCCCG,1743,581
TGCCCT,965,303
TGCCGA,2102,938
TGCCGC,1478,645
TGCCGG,4222,3827
TGCCGT,2097,761
TGCCTA,1730,841
TGCCTC,1124,469
TGCCTG,2431,1438
TGCCTT,2107,678
TGCGAA,3316,2035
TGCGAC,2119,1367
TGCGAG,5169,3274
TGCGAT,3083,1699
TGCGCA,2274,941
TGCGCC,1306,670
TGCGCG,3821,1653
TGCGCT,1916,2583
TGCGGA,5703,2024
TGCGGC,3850,1448
TGCGGG,16989,11698
TGCGGT,5344,1624
TGCGTA,3458,1380
TGCGTC,1914,812
TGCGTG,6223,3365
TGCGTT,3433,1613
TGCTAA,2958,3129
TGCTAC,1892,2378
TGCTAG,3547,3285
TGCTAT,2815,3739
TGCTCA,1318,904
TGCTCC,763,626
TGCTCG,1346,1060
TGCTCT,1020,1219
TGCTGA,3132,2330
TGCTGC,1786,1863
TGCTGG,6028,5281
TGCTGT,3265,2134
TGCTTA,3556,2289
TGCTTC,1587,1182
TGCTTG,3637,2023
TGCTTT,2995,1637
TGGAAA,7390,3503
TGGAAC,3993,1850
TGGAAG,10380,5033
TGGAAT,6485,2383
TGGACA,4613,1436
TGGACC,2771,969
TGGACG,6846,2539
TGGACT,3861,1571
TGGAGA,9552,4587
TGGAGC,6136,4642
TGGAGG,29352,19051
TGGAGT,8541,3774
TGGATA,6534,2903
TGGATC,3915,1817
TGGATG,10523,7758
TGGATT,6151,2419
TGGCAA,5141,2227
TGGCAC,2740,1131
TGGCAG,7382,3409
TGGCAT,4383,1516
TGGCCA,2415,1239
TGGCCC,1438,547
TGGCCG,4323,1878
TGGCCT,2111,843
TGGCGA,6387,3287
TGGCGC,4379,1800
TGGCGG,20942,11706
TGGCGT,6178,2295
TGGCTA,6220,4147
TGGCTC,2137,1340
TGGCTG,5898,4418
TGGCTT,3785,1966
TGGGAA,9884,5063
TGGGAC,6120,3099
TGGGAG,25219,14755
TGGGAT,8859,3828
TGGGCA,6557,2824
TGGGCC,3692,2349
TGGGCG,18865,9441
TGGGCT,5899,6049
TGGGGA,21459,17178
TGGGGC,14521,10139
TGGGGG,100965,119806
TGGGGT,19703,10964
TGGGTA,10602,4823
TGGGTC,5738,2262
TGGGTG,25201,21262
TGGGTT,8841,4258
TGGTAA,7900,3703
TGGTAC,4012,1883
TGGTAG,10722,5495
TGGTAT,6620,2394
TGGTCA,4435,1409
TGGTCC,2483,689
TGGTCG,6848,2066
TGGTCT,3837,1262
TGGTGA,9195,4229
TGGTGC,5817,2661
TGGTGG,21642,23770
TGGTGT,8279,3363
TGGTTA,6966,3168
TGGTTC,3357,1291
TGGTTG,11111,9026
TGGTTT,6383,2168
TGTAAA,4567,1596
TGTAAC,2841,1029
TGTAAG,5547,2188
TGTAAT,4279,1088
TGTACA,2722,605
TGTACC,1907,387
TGTACG,3724,723
TGTACT,2632,880
TGTAGA,4761,2124
TGTAGC,3844,2191
TGTAGG,8628,3220
TGTAGT,4974,1574
TGTATA,4576,1118
TGTATC,2739,755
TGTATG,5980,1928
TGTATT,4384,1029
TGTCAA,3103,1154
TGTCAC,1759,550
TGTCAG,3855,3694
TGTCAT,2787,824
TGTCCA,2075,487
TGTCCC,1264,258
TGTCCG,2262,504
TGTCCT,1754,443
TGTCGA,3064,1025
TGTCGC,2196,579
TGTCGG,6046,3067
TGTCGT,3284,926
TGTCTA,2914,2020
TGTCTC,1794,673
TGTCTG,3811,1646
TGTCTT,3636,1180
TGTGAA,4530,1599
TGTGAC,2779,1168
TGTGAG,6747,3266
TGTGAT,4156,1674
TGTGCA,3287,1071
TGTGCC,1921,994
TGTGCG,4832,1792
TGTGCT,3038,3856
TGTGGA,7883,3391
TGTGGC,5039,2075
TGTGGG,20880,15658
TGTGGT,7688,3296
TGTGTA,5126,1227
TGTGTC,3114,787
TGTGTG,9354,3951
TGTGTT,5517,2065
TGTTAA,4972,2299
TGTTAC,3168,2609
TGTTAG,7485,9570
TGTTAT,4626,2592
TGTTCA,2959,585
TGTTCC,1781,354
TGTTCG,3578,1006
TGTTCT,2277,933
TGTTGA,4945,1946
TGTTGC,3458,1585
TGTTGG,8551,7729
TGTTGT,5354,2227
TGTTTA,5032,1523
TGTTTC,2796,815
TGTTTG,6534,2525
TGTTTT,4804,1278
TTAAAA,4532,1653
TTAAAC,3554,1312
TTAAAG,5110,1650
TTAAAT,4253,1177
TTAACA,3119,600
TTAACC,2011,462
TTAACG,3702,664
TTAACT,3508,849
TTAAGA,4109,1344
TTAAGC,3254,1217
TTAAGG,6607,3629
TTAAGT,4317,1083
TTAATA,4040,1127
TTAATC,2722,844
TTAATG,6071,1777
TTAATT,4541,998
TTACAA,2917,943
TTACAC,2175,597
TTACAG,3007,1023
TTACAT,2812,695
TTACCA,1748,347
TTACCC,1221,264
TTACCG,2039,308
TTACCT,1823,386
TTACGA,2909,858
TTACGC,1902,660
TTACGG,3915,1491
TTACGT,3703,1152
TTACTA,3247,1067
TTACTC,2098,698
TTACTG,4294,2203
TTACTT,4029,1332
TTAGAA,4338,1736
TTAGAC,2713,2099
TTAGAG,5092,3433
TTAGAT,4811,2191
TTAGCA,3194,1328
TTAGCC,1936,759
TTAGCG,3482,1256
TTAGCT,2526,3248
TTAGGA,4609,1319
TTAGGC,3568,2210
TTAGGG,9237,4995
TTAGGT,5226,1457
TTAGTA,4785,1226
TTAGTC,3515,1033
TTAGTG,7500,2579
TTAGTT,5355,2317
TTATAA,4317,1222
TTATAC,3687,1036
TTATAG,4738,1965
TTATAT,4177,962
TTATCA,2697,395
TTATCC,2102,336
TTATCG,3289,473
TTATCT,2988,557
TTATGA,4745,1169
TTATGC,3211,893
TTATGG,6137,2658
TTATGT,5724,1112
TTATTA,4864,1154
TTATTC,3637,926
TTATTG,5837,1640
TTATTT,4868,1015
TTCAAA,2556,825
TTCAAC,2004,794
TTCAAG,2662,816
TTCAAT,2410,596
TTCACA,1580,290
TTCACC,1128,281
TTCACG,1848,317
TTCACT,1801,371
TTCAGA,2793,1460
TTCAGC,1868,707
TTCAGG,2866,1092
TTCAGT,2351,663
TTCATA,2254,557
TTCATC,1557,393
TTCATG,3060,951
TTCATT,3198,586
TTCCAA,1637,555
TTCCAC,1189,355
TTCCAG,2107,1563
TTCCAT,1719,398
TTCCCA,971,198
TTCCCC,715,132
TTCCCG,1141,192
TTCCCT,1038,196
TTCCGA,1595,403
TTCCGC,1139,284
TTCCGG,2279,889
TTCCGT,1809,422
TTCCTA,1763,500
TTCCTC,1130,321
TTCCTG,1939,615
TTCCTT,2258,501
TTCGAA,2377,692
TTCGAC,2054,703
TTCGAG,3009,1515
TTCGAT,2709,551
TTCGCA,1531,380
TTCGCC,1182,414
TTCGCG,1912,391
TTCGCT,1482,1518
TTCGGA,3034,831
TTCGGC,2287,783
TTCGGG,5251,2838
TTCGGT,3270,708
TTCGTA,2528,531
TTCGTC,1752,436
TTCGTG,4051,1200
TTCGTT,2823,597
TTCTAA,2729,1086
TTCTAC,2053,1326
TTCTAG,2979,1292
TTCTAT,2678,1141
TTCTCA,1579,284
TTCTCC,1132,194
TTCTCG,1847,287
TTCTCT,1602,331
TTCTGA,2935,1519
TTCTGC,1670,705
TTCTGG,3230,1394
TTCTGT,2818,762
TTCTTA,4174,1368
TTCTTC,1761,545
TTCTTG,3257,1117
TTCTTT,3078,782
TTGAAA,4306,1684
TTGAAC,2888,1363
TTGAAG,4749,1958
TTGAAT,3937,1204
TTGACA,3100,995
TTGACC,1823,589
TTGACG,3277,1128
TTGACT,3265,1814
TTGAGA,4219,4305
TTGAGC,3353,4116
TTGAGG,8506,5150
TTGAGT,4256,4769
TTGATA,4496,1357
TTGATC,2804,1057
TTGATG,5789,1981
TTGATT,4856,1345
TTGCAA,2996,1180
TTGCAC,1983,668
TTGCAG,3384,1394
TTGCAT,2734,822
TTGCCA,1691,682
TTGCCC,1146,300
TTGCCG,2378,629
TTGCCT,1883,518
TTGCGA,2757,1684
TTGCGC,1996,1127
TTGCGG,5506,2127
TTGCGT,3208,1131
TTGCTA,2546,3353
TTGCTC,1636,1248
TTGCTG,3503,2479
TTGCTT,3531,2102
TTGGAA,5275,1762
TTGGAC,3448,1825
TTGGAG,8424,4651
TTGGAT,5496,1669
TTGGCA,3591,1122
TTGGCC,2218,1648
TTGGCG,5288,1657
TTGGCT,3376,2651
TTGGGA,8552,4450
TTGGGC,4819,3206
TTGGGG,20296,20132
TTGGGT,8513,3386
TTGGTA,5438,1440
TTGGTC,3157,1571
TTGGTG,9840,4803
TTGGTT,5272,1583
TTGTAA,3886,1326
TTGTAC,3108,997
TTGTAG,5649,2825
TTGTAT,3867,980
TTGTCA,2692,529
TTGTCC,1751,343
TTGTCG,3392,661
TTGTCT,2931,1506
TTGTGA,5112,1582
TTGTGC,3361,1467
TTGTGG,7564,5061
TTGTGT,5357,1404
TTGTTA,4878,1815
TTGTTC,2720,863
TTGTTG,6395,2325
TTGTTT,4325,1155
TTTAAA,4007,1289
TTTAAC,3258,1066
TTTAAG,4955,2048
TTTAAT,3570,924
TTTACA,2559,460
TTTACC,1757,369
TTTACG,2964,618
TTTACT,2763,618
TTTAGA,4903,3415
TTTAGC,3326,1993
TTTAGG,5326,2136
TTTAGT,4302,1567
TTTATA,3561,960
TTTATC,2362,715
TTTATG,5374,1506
TTTATT,3796,865
TTTCAA,2424,591
TTTCAC,2043,419
TTTCAG,2608,940
TTTCAT,1958,448
TTTCCA,1574,293
TTTCCC,1150,191
TTTCCG,1745,278
TTTCCT,1719,290
TTTCGA,2285,521
TTTCGC,1700,366
TTTCGG,3242,963
TTTCGT,2455,522
TTTCTA,2689,736
TTTCTC,1705,477
TTTCTG,3179,1052
TTTCTT,3176,773
TTTGAA,3804,969
TTTGAC,3165,1153
TTTGAG,4814,2747
TTTGAT,3854,888
TTTGCA,2613,612
TTTGCC,1777,611
TTTGCG,3004,639
TTTGCT,2449,2812
TTTGGA,4635,1411
TTTGGC,3436,1141
TTTGGG,7529,3525
TTTGGT,4579,1293
TTTGTA,3999,814
TTTGTC,2502,610
TTTGTG,6123,1829
TTTGTT,5411,1332
TTTTAA,4185,1247
TTTTAC,3319,1036
TTTTAG,5700,4929
TTTTAT,3582,887
TTTTCA,2380,407
TTTTCC,1808,323
TTTTCG,2835,460
TTTTCT,2482,474
TTTTGA,4148,974
TTTTGC,2830,798
TTTTGG,5264,2220
TTTTGT,4410,862
TTTTTA,4498,1093
TTTTTC,2801,794
TTTTTG,5190,1534
TTTTTT,4420,927